PRIMARY_NAME,LATITUDE83,LONGITUDE83,mineral
ROLFITE COMPANY,41.316432,-73.090773,Magnesium
DEL CHAPEL PLACE,39.67637,-75.74367,Silicon
DURRETT-SHEPPARD PROPERTY,39.277664,-76.631474,Copper
POINCIANA INDUSTRIAL CENTER (PIC),25.8447,-80.23966,Arsenic
AK ZINC,42.321205,-85.19909,Zinc
FORMER ATCOM PARCEL SITE,38.68775,-90.26828,Beryllium
NATIONAL ZINC CO,37.278553,-95.561724,Zinc
HELLER,39.79465,-104.98538,Arsenic
OAKRIDGE INDUSTRIAL PARK,43.73626,-122.4494,Arsenic
OAKRIDGE INDUSTRIAL PARK,43.73626,-122.4494,Chromium
BENTON AUTO WRECKERS,44.54856,-123.31952,Arsenic
BENTON AUTO WRECKERS,44.54856,-123.31952,Beryllium
METHUEN MILL PROPERTY,42.7263,-71.18943,Arsenic
RIVERS EDGE - PARCELS 4-1 THROUGH 4-6,42.41178,-71.07655,Arsenic
RIVERS EDGE - PARCELS 4-1 THROUGH 4-6,42.41178,-71.07655,Chromium
MARALCO,47.42112,-122.235239,Aluminum
KVICHAK MARINE,47.654999,-122.361946,Aluminum
206 W. HERMAN STREET,30.44877,-87.23181,Arsenic
VISION CONSTRUCTION/2500 N. PALAFOX STREET,30.43775,-87.22113,Arsenic
IRON TRIANGLE PROPERTY,30.445982,-87.228055,Aluminum
IRON TRIANGLE PROPERTY,30.445982,-87.228055,Copper
IRON TRIANGLE PROPERTY,30.445982,-87.228055,Manganese
IRON TRIANGLE PROPERTY,30.445982,-87.228055,Zinc
170 SARGEANT STREET (SARGEANT/BEECH STREETS BLOCK),42.20304,-72.61895,Chromium
170 SARGEANT STREET (SARGEANT/BEECH STREETS BLOCK),42.20304,-72.61895,Nickel
ESSEX WIRE,41.93695,-85.62974,Copper
LONGWORTH PLATING SVE CO,42.31897,-84.02021,Chromium
LONGWORTH PLATING SVE CO,42.31897,-84.02021,Nickel
LONGWORTH PLATING SVE CO,42.31897,-84.02021,Tin
LONGWORTH PLATING SVE CO,42.31897,-84.02021,Zinc
NORTH STREET DUMP,34.91982,-81.93213,Aluminum
NORTH STREET DUMP,34.91982,-81.93213,Arsenic
NORTH STREET DUMP,34.91982,-81.93213,Beryllium
NORTH STREET DUMP,34.91982,-81.93213,Chromium
NORTH STREET DUMP,34.91982,-81.93213,Manganese
NORTH STREET DUMP,34.91982,-81.93213,Vanadium
LOGAN'S LANDSCAPING,42.24018,-83.60963,Aluminum
HURON TRADE CENTER,42.24108,-83.60714,Tin
WILSON AVENUE,41.07133,-80.59879,Aluminum
FORMER QUALITY CHEF FOODS,41.970957,-91.658597,Arsenic
FORMER QUALITY CHEF FOODS,41.970957,-91.658597,Chromium
CONNECTICUT TRANSFER LLC,41.19334,-73.19042,Arsenic
CONNECTICUT TRANSFER LLC,41.19334,-73.19042,Zinc
NSC PLATING,40.74596,-74.19994,Nickel
UNION CARBIDE,43.120438,-79.041624,Chromium
BARBER COLMAN - INVENSYS METAL PLATING AREA (BUILDINGS 14/15),42.2669,-89.078354,Chromium
WILLIAMS AFB BASE CONVERSION PARCEL N TRANSFER,33.283056,-111.942708,Beryllium
BRLF-06: AMERICAN PLATING,47.243,-122.43002,Copper
BRLF-06: AMERICAN PLATING,47.243,-122.43002,Nickel
SILVER CITY ALUMINUM,41.9007,-71.08848,Aluminum
CONSTRCTN MACHINERY CO,42.49996,-92.32047,Arsenic
CONSTRCTN MACHINERY CO,42.49996,-92.32047,Chromium
VIACOM/GULF & WESTERN,39.88691,-75.12983,Titanium
PARK MADISON,40.618507,-74.424006,Nickel
PORTERS GROVE METAL RECOVERY,41.18792,-73.16104,Copper
GONG BELL SITE,41.57326,-72.5015,Antimony
GONG BELL SITE,41.57326,-72.5015,Arsenic
GONG BELL SITE,41.57326,-72.5015,Chromium
GONG BELL SITE,41.57326,-72.5015,Copper
GONG BELL SITE,41.57326,-72.5015,Nickel
GONG BELL SITE,41.57326,-72.5015,Zinc
LESTER'S GARAGE,38.37169,-75.62657,Arsenic
SHEWRY LIMITED PARTNERSHIP PROPERTY,41.50819,-90.61798,Aluminum
SAND ISLAND REDEVELOPMENT PROPERTY,40.61535,-75.38584,Graphite
JVIC WILLOWBROOK STORAGE,37.212515,-93.289579,Antimony
JVIC WILLOWBROOK STORAGE,37.212515,-93.289579,Arsenic
JVIC WILLOWBROOK STORAGE,37.212515,-93.289579,Beryllium
JVIC WILLOWBROOK STORAGE,37.212515,-93.289579,Nickel
FORMER SCRAP METAL PROCESSORS,44.978452,-93.298165,Aluminum
FORMER SCRAP METAL PROCESSORS,44.978452,-93.298165,Copper
FORMER SCRAP METAL PROCESSORS,44.978452,-93.298165,Titanium
CENTER STREET CONDOMINIUMS,41.49419,-81.70181,Arsenic
CENTER STREET CONDOMINIUMS,41.49419,-81.70181,Chromium
TEXAS TANNING,32.81082,-97.34692,Chromium
AMERICAN BRASS,42.577626,-87.827575,Copper
GREEN CITY LOFTS,37.83218,-122.27693,Chromium
5701 HOLLIS,37.83879,-122.28895,Chromium
PROPERTY #1,43.0299,-89.38465,Arsenic
PROPERTY #2,43.03033,-89.38498,Arsenic
PROPERTY #3,43.0299,-89.38465,Arsenic
PROPERTY #4,43.032,-89.38375,Arsenic
PROPERTY #5,43.03185,-89.38123,Arsenic
PROPERTY #6,43.03185,-89.38123,Arsenic
PROPERTY #7,43.03185,-89.38123,Arsenic
PROPERTY #9,43.034194,-89.381194,Arsenic
PROPERTY #10,43.034083,-89.382639,Arsenic
PROPERTY #11,43.033806,-89.383944,Arsenic
PROPERTY #12,43.034417,-89.383944,Arsenic
LIHUE PLANTATION SUGAR MILL,21.97374,-159.371202,Arsenic
WILDER PROPERTY,27.964378,-82.82209,Aluminum
BRATTLEBORO BASKETVILLE,42.846722,-72.565582,Arsenic
PROPERTY #8,43.03307,-89.3808,Arsenic
PROPERTY #8,43.03307,-89.3808,Chromium
PROPERTY #13,43.03511,-89.38011,Arsenic
PROPERTY #13,43.03511,-89.38011,Chromium
AC LAWRENCE LEATHER,42.781139,-72.385,Chromium
"NEWARK PROCESSING CO, INC.",40.06259,-82.35083,Aluminum
FORMER BAKERS AUTO SALVAGE,39.75208,-92.44947,Arsenic
ABEX CORPORATION,41.506763,-87.616187,Manganese
FORMER NEWARK PROCESSING PLANT,40.06254,-82.35163,Aluminum
CERRILLOS HILLS MINING DISTRICT,35.467,-106.1102,Copper
CERRILLOS HILLS MINING DISTRICT,35.467,-106.1102,Zinc
PROPOSED ROBERT OVROM PARK & COMMUNITY DAY SCHOOL,34.17664,-118.30451,Arsenic
NORTH DORSET GAS STATION,43.286086,-73.000629,Antimony
NORTH DORSET GAS STATION,43.286086,-73.000629,Arsenic
COLUMBUS PARK - MOLLE PROPERTIES: 401 CHARLOTTE,39.11044,-94.57476,Arsenic
COLUMBUS PARK - MOLLE PROPERTIES: 401 CHARLOTTE,39.11044,-94.57476,Chromium
COLUMBUS PARK - MOLLE PROPERTIES: 311 CHARLOTTE,39.11113,-94.57499,Arsenic
COLUMBUS PARK - MOLLE PROPERTIES: 311 CHARLOTTE,39.11113,-94.57499,Chromium
COLUMBUS PARK - MOLLE PROPERTIES: 400 CHARLOTTE,39.11043,-94.57476,Arsenic
COLUMBUS PARK - MOLLE PROPERTIES: 400 CHARLOTTE,39.11043,-94.57476,Chromium
COLUMBUS PARK - MOLLE PROPERTIES: 701 EAST 3RD STREET,39.11128,-94.5763,Arsenic
COLUMBUS PARK - MOLLE PROPERTIES: 701 EAST 3RD STREET,39.11128,-94.5763,Chromium
COLUMBUS PARK - 810 E. 4TH STREET,39.11107,-94.57403,Arsenic
FORMER HEALY DODGE PROPERTIES,44.00746,-86.459,Arsenic
HINCKLEY RIDGE,41.424781,-81.684977,Arsenic
INCHELIUM TRIBAL WOOD TREATMENT,48.293902,-118.205891,Arsenic
INCHELIUM TRIBAL WOOD TREATMENT,48.293902,-118.205891,Chromium
INCHELIUM TRIBAL WOOD TREATMENT,48.293902,-118.205891,Copper
COMMERCE SQUARE,43.16985,-78.68755,Copper
"FALCO-CLARENCE, FAIRFIELD ALUMINUM CASTING COMPANY",39.748732,-92.258567,Aluminum
"FALCO-CLARENCE, FAIRFIELD ALUMINUM CASTING COMPANY",39.748732,-92.258567,Magnesium
OLD BLACK DIAMOND INDUSTRIAL PROPERTY,38.400788,-82.497865,Arsenic
MIGC EAST 134TH STREET,41.54834,-81.59111,Nickel
EELWEIR SITE,44.748119,-69.403172,Arsenic
EELWEIR SITE,44.748119,-69.403172,Chromium
TRINITY BUILDING (MONARCH ALUMINUM),41.480279,-81.746746,Aluminum
FLORY'S PLAZA,43.601791,-73.017601,Antimony
FERRY CAP AND SET SCREW,41.48033,-81.74612,Aluminum
CLOUDY DAY,37.987877,-107.686936,Arsenic
CLOUDY DAY,37.987877,-107.686936,Manganese
CLOUDY DAY,37.987877,-107.686936,Nickel
CLOUDY DAY,37.987877,-107.686936,Zinc
MANGANESE,37.991708,-107.683565,Manganese
PINE,37.988174,-107.68792,Arsenic
PINE,37.988174,-107.68792,Manganese
PINE,37.988174,-107.68792,Nickel
PINE,37.988174,-107.68792,Zinc
HOLLISTER: WAHCONAH STREET PROPERTY,42.46924,-73.24962,Arsenic
PORT OF NEWPORT INTERNATIONAL TERMINAL,44.63224,-124.04506,Arsenic
PORT OF NEWPORT INTERNATIONAL TERMINAL,44.63224,-124.04506,Chromium
FORMER RINGLE ELECTROPLATING FACILITY,40.393056,-84.176389,Nickel
FORMER PENINSULA BEVERAGE SITE PARCEL 017- 06,45.84129,-88.04526,Aluminum
FORMER CROMWELL-COLLIER PUBLISHING AND PARKING LOT,39.92366,-83.81608,Chromium
701 EAST VIENNA STREET,43.08583,-87.90184,Aluminum
FORMER CLEVELAND PUBLIC POWER (CPP) SITE,41.52655,-81.65816,Arsenic
FORMER CLEVELAND PUBLIC POWER (CPP) SITE,41.52655,-81.65816,Zinc
JVIC SPRINGFIELD MORTUARY,37.21251,-93.29226,Arsenic
703 COURT STREET,27.96195,-82.79652,Arsenic
MSGA ENTERPRISES,41.25285,-95.85488,Arsenic
1025 S. 7TH STREET,41.25167,-95.85486,Arsenic
1912 EDGEWOOD AVE,42.744922,-87.798205,Aluminum
FEDEROW PROPERTY,37.21096,-93.26124,Arsenic
3033 W. WALNUT ST.,43.0528,-87.95214,Arsenic
FORMER VARIETY FOODS SITE,41.45,-81.62,Aluminum
"LAFARGE, NORTH AMERICA - VACANT PROPERTY",45.07797,-83.4745,Aluminum
"LAFARGE, NORTH AMERICA - VACANT PROPERTY",45.07797,-83.4745,Antimony
"LAFARGE, NORTH AMERICA - VACANT PROPERTY",45.07797,-83.4745,Arsenic
"LAFARGE, NORTH AMERICA - VACANT PROPERTY",45.07797,-83.4745,Beryllium
"LAFARGE, NORTH AMERICA - VACANT PROPERTY",45.07797,-83.4745,Chromium
"LAFARGE, NORTH AMERICA - VACANT PROPERTY",45.07797,-83.4745,Lithium
"LAFARGE, NORTH AMERICA - VACANT PROPERTY",45.07797,-83.4745,Magnesium
QUALITY WOOD TREATING CO INC,39.99098,-82.84711,Copper
PROPOSED ASPIRE CHARTER SCHOOL,37.75903,-122.19799,Arsenic
MEMORIAL DRIVE GREENWAY PROJECT 1,33.74703,-84.37518,Aluminum
KRUG GLAZING PROPERTY,43.02764,-78.87467,Aluminum
FORMER TRUCK SERVICE GARAGE PROPERTY,39.8026,-86.14143,Arsenic
COASTAL METALS - LOT 7,42.8335,-71.00416,Zinc
1409 DORR STREET,41.65298,-83.577994,Tin
QUINCY ROUNDHOUSE,47.137963,-88.574688,Copper
FAIRFIELD DR AND TEXAR DR,30.44506,-87.23263,Arsenic
OLD DUMP AT JOE WARD SLOUGH,66.565768,-145.244916,Arsenic
OLD DUMP AT JOE WARD SLOUGH,66.565768,-145.244916,Chromium
OTHORP LAKE ROAD DUMP,48.879043,-115.052045,Arsenic
4203-4225 WEST CAPITOL AVENUE,38.57791,-121.56818,Nickel
WEYERHAEUSER PROPERTY,38.57982,-121.51099,Aluminum
AUGUSTA HUD PARKING LOT BTA,37.678174,-96.97651,Arsenic
PORT MANCHAC,30.317042,-90.404658,Manganese
"FINDLAY CARTAGE CO., INC.",41.05141,-83.66032,Arsenic
280-286 LYELL AVENUE AND 55 DEWEY AVENUE,43.16464,-77.63243,Tin
"HENRYETTA GREENSPACE								",35.482529,-95.924427,Zinc
BERRY LANE PROPERTY 2,40.71099,-74.0698,Chromium
BERRY LANE PROPERTY 3,40.711782,-74.069147,Chromium
BERRY LANE PROPERTY 4/GARFIELD JUNKYARD,40.711074,-74.069415,Chromium
BERRY LANE PROPERTY 5/HIT OR MISS,40.71073,-74.069693,Chromium
BERRY LANE PROPERTY 6/MA & OK,40.71165,-74.06922,Chromium
BERRY LANE PROPERTY 7/PURPLE FISH,40.71228,-74.06877,Chromium
BERRY LANE PROPERTY 8/JR TRANSPORTATION,40.71256,-74.06858,Chromium
BOSTON EAST,42.37292,-71.04123,Tin
RALPH HERMAN FARM,44.967228,-85.654306,Arsenic
DISCO ALUMINUM,40.62248,-74.41237,Aluminum
DISCO ALUMINUM 524-532 SOUTH AVENUE,40.62214,-74.41293,Aluminum
DISCO ALUMINUM 539 EAST 6TH STREET,40.6217,-74.412142,Aluminum
DISCO ALUMINUM 529 EAST 6TH STREET,40.62171,-74.4121,Aluminum
DISCO ALUMINUM LOT 8,40.622695,-74.411674,Aluminum
JENNY LIND EQUALIZATION BASIN,35.330346,-94.414067,Zinc
DISCO ALUMINUM 535 EAST 6TH STREET,40.621753,-74.412053,Aluminum
843 US HIGHWAY 441,26.809418,-80.653328,Arsenic
PAINTED HILLS NATURAL RESOURCES PARK,32.235535,-110.989549,Tungsten
124 WOODLAWN AVENUE,40.70255,-74.08531,Chromium
128 WOODLAWN AVENUE,40.70266,-74.08547,Chromium
WATERFRONT PARCEL 3 BROWNFIELDS SITE,42.85076,-72.55598,Arsenic
JEFFERSON-GENESEE SITE 2,42.89638,-78.853494,Tin
SAFETY DISPOSAL SYSTEMS STORAGE PROPERTIES,32.879,-81.1074,Arsenic
SAFETY DISPOSAL SYSTEMS STORAGE PROPERTIES,32.879,-81.1074,Chromium
NASHUA RIVER RAIL TRAIL PARKING LOT,42.565284,-71.587957,Chromium
THE ARGO MINE,40.119,-105.39531,Fluorspar
DEEP WATER MARINA,41.45588,-82.7185,Arsenic
TRI CHEM,41.04753,-73.5373,Arsenic
SEABOARD EQUITIES,41.0479,-73.53606,Arsenic
224-226 WEST 2ND STREET (CLUSTER 3),42.4966,-92.34372,Aluminum
MULBERRY MODOT,39.1058,-94.5999,Arsenic
"SAND SPRINGS KEYSTONE CORRIDOR REDEVELOPMENT, AREA",36.24523,-96.12366,Zinc
1203 & 1205 SOUTH INDUSTRIAL BOULEVARD,32.764325,-96.801485,Aluminum
WICHITA 9TH ST CORRIDOR- PARCEL 138376,38.47723,-101.35166,Tin
BECHTEL MCLAUGHLIN INC,41.42372,-82.67963,Chromium
BECHTEL MCLAUGHLIN INC,41.42372,-82.67963,Nickel
BECHTEL MCLAUGHLIN INC,41.42372,-82.67963,Zinc
HELMICK 10TH STREET PROPERTY - PARCEL 137,39.47177,-80.15086,Arsenic
HELMICK 10TH STREET PROPERTY - PARCEL 156,39.47177,-80.15086,Arsenic
HELMICK 10TH STREET PROPERTY - PARCEL 145,39.47177,-80.15086,Arsenic
HELMICK 10TH STREET PROPERTY - PARCEL 147,39.47177,-80.15086,Arsenic
HELMICK 10TH STREET PROPERTY - PARCEL 156,39.47177,-80.15086,Arsenic
HELMICK 10TH STREET PROPERTY - PARCEL 158,39.47177,-80.15086,Arsenic
HELMICK 10TH STREET PROPERTY - PARCEL 161,39.47177,-80.15086,Arsenic
BERWICK HOTEL,43.60668,-72.9776,Arsenic
BERWICK HOTEL,43.60668,-72.9776,Manganese
MOOSA HOSPITAL,30.4977,-92.40493,Copper
231 N. CONCORD EXCHANGE,44.8942,-93.0359,Tin
BAKER HEATING AND SHEET 07-09,41.50618,-87.62738,Tin
BAKER HEATING AND SHEET 010 & 11,41.50618,-87.62788,Tin
FLINTKOTE PROPERTY - 105,41.49993,-87.62099,Arsenic
WOODLAWN PARK,41.761847,-87.595744,Aluminum
FLINTKOTE PROPERTY - 104,41.49993,-87.62099,Arsenic
FLINTKOTE PROPERTY - 103,41.49993,-87.62099,Arsenic
FLINTKOTE PROPERTY -102,41.49993,-87.62099,Arsenic
MORETZ INC,35.73336,-81.32664,Nickel
MILLER PROPERTY (G3LTNYOO),40.48254,-75.51824,Chromium
"HERMANN ELECTRIC LIGHT PLANT, FORMER POWER BLDG",38.70497,-91.43306,Tin
HISTORIC PRESERVATION OF HERMANN,38.7051,-91.4331,Tin
HOPLAND BAND OF POMO INDIANS,38.98026,-123.05893,Arsenic
CRAFT,48.11341,-123.14603,Arsenic
YANKEE OIL,42.11272,-72.60033,Magnesium
ROSE EXTERMINATOR COMPANY WAREHOUSE,39.174662,-84.45534,Arsenic
BARKERS CREEK INDUSTRIAL PARK,37.529939,-81.373739,Arsenic
SAMARIUS INDUSTRIES,41.31724,-73.09157,Chromium
113 CANAL STREET,41.3169,-73.09122,Chromium
MODERN ELECTROPLATING CO INC,42.32885,-71.08517,Aluminum
HARBISON WALKER,43.940516,-86.416498,Magnesium
FORMER NORFOLK & WESTERN RAILROAD FACILITY,41.760213,-86.809155,Nickel
319 3RD STREET,38.58789,-121.51014,Chromium
319 3RD STREET,38.58789,-121.51014,Nickel
13035 KERCHEVAL AVENUE,42.37595,-82.9553,Tin
21 CALLER STREET,42.52472,-70.92158,Arsenic
21 CALLER STREET,42.52472,-70.92158,Chromium
CITY OF PERRY (1),41.842158,-94.136103,Arsenic
CITY OF PERRY (2),41.842375,-94.122067,Arsenic
CITY OF PERRY (3),41.842878,-94.111761,Arsenic
JORDAN VALLEY WEST MEADOWS SITE #1,37.209996,-93.296491,Arsenic
HELMICK 10TH STREET PROPERTY-PARCEL 148.1 G3PQNY00,39.47177,-80.15086,Arsenic
PARK CENTRAL FLEA MARKET,37.2123,-93.2926,Arsenic
JORDAN VALLEY WEST MEADOWS SITE 2,37.2102,-93.3034,Arsenic
JORDAN VALLEY WEST MEADOWS SITE 2,37.2102,-93.3034,Tin
JORDAN VALLEY WEST MEADOWS SITE 3,37.21557,-93.2963,Arsenic
OZBUN PROPERTY,36.97309,-93.72109,Zinc
FLATS EAST BANK NEIGHBORHOOD,41.501406,-81.703713,Arsenic
FLATS EAST BANK NEIGHBORHOOD,41.501406,-81.703713,Manganese
MOUNTAIN ROAD FIRING RANGE TARGET PITS 2 & 3,42.20531,-72.66893,Antimony
MOUNTAIN ROAD FIRING RANGE TARGET PITS 2 & 3,42.20531,-72.66893,Arsenic
GOODWILL INDUSTRIES OF SW MICHIGAN,42.31958,-85.58077,Aluminum
GOODWILL INDUSTRIES OF SW MICHIGAN,42.31958,-85.58077,Zinc
NORTHVIEW APARTMENTS,32.38993,-94.87503,Arsenic
50 WEST MICHIGAN AVENUE,42.320543,-85.183736,Tin
KEYSTONE SENECA WIRE CLOTH COMPANY,31.599422,-90.43559,Aluminum
FORMER STRIKETOWN BOWLING CENTER,43.674903,-85.483406,Zinc
VACANT LOT ADJACENT TO FORMER GRAND HOTEL SITE (PIN 8913-26-201-005),42.498911,-92.347495,Tin
ART ALLEY SITE,30.43551,-84.2891,Arsenic
WAGONER DUMP GROUND,35.973475,-95.393875,Tin
12TH STREET AND MINOR AVE PARCEL 73 G3XCNY00,39.465876,-80.153296,Arsenic
12TH STREET AND MINOR AVE PARCEL 73 G3XCNY00,39.465876,-80.153296,Chromium
12TH STREET AND MINOR AVE PARCEL 74 G3XDNY00,39.466413,-80.150373,Arsenic
12TH STREET AND MINOR AVE PARCEL 74 G3XDNY00,39.466413,-80.150373,Chromium
12TH STREET AND MINOR AVE PARCEL 74.4 G3XENY00,39.467754,-80.148845,Arsenic
12TH STREET AND MINOR AVE PARCEL 74.4 G3XENY00,39.467754,-80.148845,Chromium
1630 N. 31ST ST,43.05217,-87.95289,Arsenic
"FOREFRONT PROPERTIES, LTD. 888 WOOSTER RD.",41.01102,-81.62175,Arsenic
SELMA HOUSING DEVELOPMENT CORPORATION,32.40696,-87.01835,Copper
MULTI METALS INC. PROPERTY,31.341827,-110.960724,Arsenic
OKC HOUSING AUTHORITY - MLK AVENUE,35.49582,-97.47672,Arsenic
JORDAN VALLEY WEST MEADOWS SITE #4,37.2102,-93.3034,Arsenic
TRANSIT PARK,33.21363,-97.12357,Arsenic
JVIC SOLID STATES CIRCUITS,37.21436,-93.29228,Arsenic
1228 S. MAIN STREET,41.24974,-95.85177,Arsenic
SPRINGFIELD MILL AND LUMBER,37.21745,-93.29307,Arsenic
"EPEC POLYMERS, INC.",42.87131,-87.84815,Arsenic
FT PIERCE UTILITIES AUTHORITY,27.450654,-80.324207,Aluminum
FT PIERCE UTILITIES AUTHORITY,27.450654,-80.324207,Arsenic
FT PIERCE UTILITIES AUTHORITY,27.450654,-80.324207,Chromium
FT PIERCE UTILITIES AUTHORITY,27.450654,-80.324207,Manganese
FT PIERCE UTILITIES AUTHORITY,27.450654,-80.324207,Vanadium
FORMER SPRINGSTEEN PLANT PROPERTY,34.7049,-81.20605,Chromium
FORMER SPRINGSTEEN PLANT PROPERTY,34.7049,-81.20605,Copper
ATLAS INDUSTRIAL PARK,46.681582,-92.22652,Arsenic
ATLAS INDUSTRIAL PARK,46.681582,-92.22652,Chromium
ATLAS INDUSTRIAL PARK,46.681582,-92.22652,Copper
ATLAS INDUSTRIAL PARK,46.681582,-92.22652,Zinc
HAYES VENDING,37.22949,-93.29313,Tin
RAILROAD AVENUE SITE,28.35301,-80.73338,Arsenic
VALERIA BOSS SALON,37.20978,-93.29074,Arsenic
VALERIA BOSS SALON,37.20978,-93.29074,Beryllium
FORMER ESSEX WIRE SITE,41.93563,-85.62974,Copper
2934 THOMAS ST,38.64377,-90.218841,Platinum
FISHERVILLE MILL,42.177345,-71.690176,Aluminum
"2926 THOMAS STREET, NEW",38.64377,-90.21854,Platinum
2918 THOMAS ST,38.64377,-90.21841,Platinum
2914 THOMAS ST,38.643579,-90.218308,Platinum
"ALBAN TRACTOR CO., INC.",38.83881,-76.862,Platinum
MILLERS FALLS PAPER MILL PROPERTY,42.57892,-72.4873,Arsenic
GRO-MOR FERTILIZER PLANT SITE,28.013056,-82.12329,Arsenic
GRO-MOR FERTILIZER PLANT SITE,28.013056,-82.12329,Chromium
CHIC-1114 4TH AVE.,41.257865,-95.860604,Arsenic
WATER STREET REDEVELOPMENT PROJECT AREA AOC#2,42.241128,-83.608481,Arsenic
WATER STREET REDEVELOPMENT PROJECT AREA AOC#2,42.241128,-83.608481,Zinc
GLADEWATER GYM,32.5367,-94.93836,Arsenic
CC HOUSING,35.511924,-106.326887,Beryllium
CC HOUSING,35.511924,-106.326887,Cobalt
CC HOUSING,35.511924,-106.326887,Copper
JVIC FORMER MFA SILOS,37.21229,-93.29399,Arsenic
CONNELL ALUMINUM SITE,42.87798,-87.85332,Aluminum
"FORMER ELECTROSONICS SITE - MAP 6A, LOT D5.1",42.907405,-72.417904,Copper
RAILS TO TRAILS,27.87108,-82.51857,Arsenic
1111 LIGHT STREET,39.27669,-76.61228,Arsenic
15 SEA STREET,44.903319,-66.984504,Tin
JAYLYNN LLC,40.8131,-96.7124,Arsenic
FORMER JACK'S LIQUOR STORE,42.95499,-85.63077,Tin
2904 SHERIDAN AVE NEW,38.64472,-90.21793,Platinum
2922 SHERIDAN,38.64471,-90.21855,Platinum
2930 SHERIDAN AVE,38.64471,-90.21888,Platinum
2936 SHERIDAN AVE,38.644701,-90.219052,Platinum
2909 THOMAS ST,38.643811,-90.21801,Platinum
2917 THOMAS ST,38.643806,-90.218329,Platinum
2927 THOMAS ST NEW,38.64377,-90.21875,Platinum
2933 THOMAS ST,38.643798,-90.218898,Platinum
2905 THOMAS ST NEW,38.64378,-90.21796,Platinum
3849 PARK AVE (FORMER ODESSA MARKET) - IVANHOE NEIGHBORHOOD,39.0557,-94.55693,Arsenic
CLARK MECHANICAL BTA,39.31638,-94.91373,Arsenic
OLD GULF OIL SITE,34.6151,-79.0056,Tin
2919 THOMAS ST,38.64377,-90.21847,Platinum
2921 THOMAS ST NEW,38.64377,-90.21861,Platinum
2930 THOMAS ST NEW,38.64377,-90.21867,Platinum
WAREHOUSE PROPERTY - W GAINES,30.435555,-84.29258,Arsenic
A & N WELDING,41.7935,-85.63897,Zinc
COP SHOP BA,45.96951,-89.89381,Copper
FORMER HIG MANUFACTURING FACILITY,41.82224,-72.60619,Copper
FORMER HIG MANUFACTURING FACILITY,41.82224,-72.60619,Nickel
FORMER HIG MANUFACTURING FACILITY,41.82224,-72.60619,Tin
MUELLER AVE - JDK PROPERTY,35.0852,-85.25639,Titanium
ARK TO HAYSVILLE CORRIDOR BTA,37.611052,-97.36246,Arsenic
"PRAIRIE MINE RD SITE MUL1,2",27.902923,-81.98507,Arsenic
CANAL CROSSINGS,40.70744,-74.07289,Chromium
PRAIRIE SUNSET CORRIDOR,37.664869,-97.432727,Arsenic
BR 175 2312 SCENIC HWY,30.46903,-91.16812,Aluminum
POLK NURSERY 1 - EAST,28.0822,-81.8277,Arsenic
"FORMER MULBERRY CONSTRUCTION SITE MUL 3,4,5,13,21",27.89498,-81.96686,Arsenic
"FORMER MULBERRY CONSTRUCTION SITE MUL 3,4,5,13,21",27.89498,-81.96686,Chromium
"FORMER MULBERRY CONSTRUCTION SITE MUL 3,4,5,13,21",27.89498,-81.96686,Nickel
"PLATINUM, LLC",47.50526,-111.29173,Platinum
MULBERRY - CIVIC CENTER SITE,27.897383,-81.969134,Arsenic
520 W OLIVE ST,37.20984,-93.29634,Arsenic
THE BELTRAMO PROPERTY,38.259278,-104.57905,Arsenic
THE BELTRAMO PROPERTY,38.259278,-104.57905,Manganese
RASPBERRY STRAIT DUMPSITE AFOGNAK,58.00164,-152.84426,Arsenic
PROPOSED ST. CLAIR PLAZA,38.62104,-90.12376,Tin
TAZLINA COPPER VALLEY SCHOOL,62.04751,-145.40306,Copper
PRAIRIE DU CHIEN MARINA,43.056657,-91.152359,Tin
RIVER BEND FOODBANK,41.50635,-90.52122,Arsenic
RIVER BEND FOODBANK,41.50635,-90.52122,Chromium
WESSEL PATTERN COMPANY,41.50606,-90.52502,Arsenic
PORT HEIDEN FORMER LANDFILL,56.93446,-158.64267,Arsenic
PORT HEIDEN FORMER LANDFILL,56.93446,-158.64267,Chromium
"POBT ZONE 4, PSRC, MARTIN PROPERTY",48.301167,-116.532023,Zinc
FRTM-001 TECUMSEH SITE,27.753685,-81.805227,Arsenic
FRTM-002 HACKL ENTERPRISES SITE,27.748229,-81.764049,Aluminum
FORMER TRINITY DIFCO-NORTH MIDDLE SCHOOL PROPERTY,41.05943,-83.65008,Arsenic
HEURERMAN'S BATTERIES AND STORAGE,41.04227,-83.65023,Arsenic
PARCEL 063-102-09-0-30-34-017,37.26969,-95.55139,Arsenic
"063-102-09-0-30-23-002.01, -002.02, & 002.10",37.26994,-95.55721,Arsenic
FORMER NEW JERSEY ZINC COMPANY – WEST PLANT,40.795278,-75.631667,Zinc
HORACE MANN SCHOOL,39.05563,-94.56023,Arsenic
BROOKSIDE GAS STATION,33.637887,-86.916918,Arsenic
QUAD POTENTIAL SITE 1,45.546567,-122.661369,Tin
13 HOPE AVENUE,42.23187,-71.81979,Aluminum
1585 RIVERSIDE DRIVE,44.630563,-88.044531,Arsenic
SPRING RIVER PWWSD #19,37.1329,-94.6699,Arsenic
TIGER METALS,38.52662,-82.67945,Copper
20 S 2ND AVE,42.04835,-92.90966,Arsenic
204 E CHURCH ST,42.04791,-92.90918,Arsenic
FORMER KAISER ALUMINUM SITE,29.939093,-89.987383,Aluminum
TARR & WONSON PAINT FACTORY,42.6066,-70.65975,Copper
OLD PECO PORPERTY,40.24398,-75.65353,Arsenic
55 DAISY STREET,41.33502,-72.93418,Copper
55 DAISY STREET,41.33502,-72.93418,Nickel
55 DAISY STREET,41.33502,-72.93418,Zinc
FAJEN PROPERTY,38.24335,-93.36543,Arsenic
FAJEN PROPERTY,38.24335,-93.36543,Chromium
HICKORY HILLS SCHOOL,37.20956,-93.22397,Arsenic
3563 AND 3657 W NICHOLS ST,37.2213,-93.3516,Arsenic
3563 AND 3657 W NICHOLS ST,37.2213,-93.3516,Chromium
C2S V12,35.46003,-97.51746,Tin
FORMER STOCK BUILDING/MCGINNES LUMBER,28.0118,-82.12241,Arsenic
COUNTRY VIEW MOBILE PARK BTA,38.85648,-99.29524,Manganese
NORTHBRIDGE AUTO WRECKING CO,42.14802,-71.64747,Chromium
SMITH RENTALS SOUTH,32.191927,-110.965276,Arsenic
THREE RIVERS RIVERWALK,41.935278,-85.633889,Copper
PLK-003 ELOISE PARCELS,27.98997,-81.73391,Arsenic
VALLEJO 17.12 ACRE SITE,38.09389,-122.25366,Arsenic
VALLEJO 17.12 ACRE SITE,38.09389,-122.25366,Copper
VALLEJO 17.12 ACRE SITE,38.09389,-122.25366,Zinc
PROPOSED SPECIAL EDUCATION AND ALTERNATIVE EDUCATI,37.480625,-121.128561,Arsenic
VEKOL MINE - KOHATK,32.514574,-111.945249,Arsenic
COPPER RIDGE PROFESSIONAL CENTER,44.74497,-85.65503,Copper
LOGAN DIESEL,42.44934,-84.44476,Aluminum
HEMENWAY ROCALLA PROPERTY,32.374341,-112.86345,Copper
PLAZA TRIANGLE PARK,32.374021,-112.862319,Arsenic
PLAZA TRIANGLE PARK,32.374021,-112.862319,Chromium
PLAZA TRIANGLE PARK,32.374021,-112.862319,Copper
AJO PLAZA PARK,32.37244,-112.8608,Copper
AT TIRE,32.385244,-112.871944,Arsenic
AT TIRE,32.385244,-112.871944,Chromium
AT TIRE,32.385244,-112.871944,Copper
AJO TRANSPORTATION,32.38259,-112.87237,Copper
AJO REALTY,32.37468,-112.87141,Copper
220 SOUTH 5TH STREET,41.616069,-94.01384,Arsenic
415 A&B RIVER STREET,41.615889,-94.013069,Arsenic
U-HAUL,32.39503,-112.871228,Arsenic
BARTOW FORMER CIGAR FACTORY,27.898517,-81.832962,Arsenic
GOLDEN COMMUNITY GARDEN,39.75491,-105.23117,Arsenic
TRANSIT VILLAGE CORE,34.099368,-117.296229,Arsenic
FORD PROPERTY DEMOLITION,32.3807,-112.8724,Copper
LIFE ENRICHMENT SARTILLION PROPERTY DEMOLITION,32.37873,-112.87434,Copper
LIFE ENRICHMENT AJO-GB PROPERTY DEMOLITION,32.384117,-112.872754,Copper
SULLIVAN PROPERTY DEMOLITION,32.391263,-112.872174,Copper
SUE'S FLOWERS AND GIFT SHOP,32.38032,-112.8724,Copper
MACIAS PROPERTY DEMOLITION,32.38047,-112.87111,Copper
ARIZONA CHILDREN'S ASSOCIATION,32.190613,-110.970141,Arsenic
3300 MOBILE HIGHWAY,30.42247,-87.25508,Arsenic
1210 INDUSTRIAL,42.29555,-83.14389,Arsenic
120-124 W. MICHIGAN AVENUE,42.241173,-83.613569,Tin
DAYSPRING MINISTRIES SITE,35.10871,-77.05411,Manganese
CHRYSLER LLC,42.58395,-87.84557,Tin
SPEEDRACK PRODUCTS GROUP LTD,41.94635,-84.88708,Aluminum
PETE HOLLIS SITE,34.8603,-82.40612,Arsenic
321 GREEN STREET,32.99792,-82.409772,Tin
JORDAN VALLEY WEST MEADOWS SITE #8,37.210222,-93.296512,Arsenic
"NEON MARKETPLACE AND GAS STATION - 75 QUINSIGAMOND AVENUE, WORCESTER, MA",42.24705,-71.80335,Chromium
LA SIESTA MOTEL,32.403202,-112.872921,Copper
AJO COMMUNITY HEALTH CENTER,32.37552,-112.86407,Copper
TORRES PROPERTY DEMOLITION,32.38314,-112.87237,Copper
BETANCORT PROPERTY,32.384529,-112.871957,Copper
MATTESON PROPERTY,32.42463,-112.8758,Copper
DOEHLER JARVIS SMEAD,41.66068,-83.5783,Aluminum
ARIZONA CHILDREN'S ASSOCIATION,32.190613,-110.970141,Arsenic
ARIZONA CHILDREN'S ASSOCIATION,32.190613,-110.970141,Chromium
FORMER ASTATIC PROPERTY - BROAD AND JACKSON,41.94733,-80.5537,Tungsten
ST. JOSEPH HOSPITAL,41.45231,-82.16747,Arsenic
UDALL COMMUNITY CENTER,37.387429,-97.117185,Arsenic
THE HOLLOW,42.65515,-73.726,Copper
TONOPAH CONVENTION CENTER,38.06773,-117.23223,Arsenic
ALLEN COUNTY HOSPITAL #1,37.92213,-95.38958,Zinc
ALLEN COUNTY HOSPITAL #2,37.923042,-95.390763,Zinc
IRS BUILDING - FLINT,43.024669,-83.693462,Copper
IRS BUILDING - FLINT,43.024669,-83.693462,Graphite
CENTRO CARISMATICO CARISMATICO,32.187836,-110.965935,Arsenic
CENTRO CARISMATICO CARISMATICO,32.187836,-110.965935,Chromium
GARNAVILLO SCHOOL,42.86797,-91.23777,Tin
OLD MASON HOTEL,42.57816,-84.44355,Copper
11123 WEST BURLEIGH ST,43.07463,-88.05175,Aluminum
NATIONAL PARK SEMINARY,39.011368,-77.057294,Arsenic
NATIONAL PARK SEMINARY,39.011368,-77.057294,Chromium
560 TERMINAL AVENUE,39.718715,-75.537442,Arsenic
M&N PROPERTY,39.73057,-75.55618,Arsenic
FORMER CITY HALL SITE,28.35197,-80.72618,Arsenic
NAVARRO PROPERTY,33.99111,-118.25292,Chromium
NAVARRO PROPERTY,33.99111,-118.25292,Copper
NAVARRO PROPERTY,33.99111,-118.25292,Nickel
OVROM PARK AND SCHOOL,34.17719,-118.30368,Arsenic
PROPOSED BACKPOCKET BREWERY,41.682176,-91.559473,Arsenic
FORMER INDUSTRIAL BROWNHOIST/AKA UPTOWN BAY CITY,43.592003,-83.890888,Arsenic
FORMER INDUSTRIAL BROWNHOIST/AKA UPTOWN BAY CITY,43.592003,-83.890888,Chromium
FORMER INDUSTRIAL BROWNHOIST/AKA UPTOWN BAY CITY,43.592003,-83.890888,Magnesium
167 BEARFOOT ROAD,42.34097,-71.63791,Arsenic
NELSON FOUNDRY,40.76729,-73.935435,Zinc
"HANCOCK-ELLSWORTH TANNERY, PARCEL 1",44.539153,-68.314731,Chromium
824 JEFFERSON STREET PROPERTY,34.33938,-78.68435,Chromium
DEVELOPMENT & LEASING D&L,45.17842,-89.67529,Aluminum
GRABER PROPERTY DEMOLITION,32.37649,-112.87709,Copper
WEST MEADOWS SITE 5,37.19979,-93.35753,Arsenic
WEST MEADOWS SITE 6,37.19979,-93.35753,Arsenic
WEST MEADOWS SITE 7,37.19979,-93.35753,Arsenic
FORMER NABCO PATTERSON PLANT,43.897979,-85.522792,Aluminum
1 CHURCH STREET/ATLANTIC WIRE,41.27745,-72.8094,Copper
1 CHURCH STREET/ATLANTIC WIRE,41.27745,-72.8094,Tin
BLE LIGHT RAIL PROJECT,35.235384,-80.82736,Arsenic
1404 14TH STREET PROPERTY,27.4871,-82.57528,Arsenic
FORMER CRAYCROFT MOTORS,38.961598,-89.096092,Tin
NORWICH STATE HOSPITAL - PARCEL A,41.484123,-72.066002,Tin
NORWICH STATE HOSPITAL - PARCEL B,41.4854,-72.066189,Tin
DIKE 14 CDF BA,41.544331,-81.632278,Arsenic
DIKE 14 CDF BA,41.544331,-81.632278,Chromium
PAY PARKING LOT,38.892469,-90.186961,Arsenic
PAY PARKING LOT,38.892469,-90.186961,Chromium
FLORIDA AVENUE SITE,28.35101,-80.72772,Arsenic
519-633 COCOA BLVD SITE,28.3523,-80.7319,Arsenic
SALINA ACADEMY OF HAIR DESIGN BTA,38.83976,-97.60791,Tin
GREAT BEND AIRPORT EAST #1 BTA,38.35199,-98.852144,Chromium
GREAT BEND AIRPORT EAST #2,38.351034,-98.853314,Chromium
FORMER D&D EQUIPMENT AND REPAIR,43.641418,-85.483634,Aluminum
GARRARD,45.408528,-84.616904,Aluminum
FORMER PIKE UTILITIES SITE,26.61372,-80.15674,Aluminum
FORMER PIKE UTILITIES SITE,26.61372,-80.15674,Arsenic
FORMER PIKE UTILITIES SITE,26.61372,-80.15674,Copper
114 2ND AVENUE WEST,43.37365,-92.11712,Tin
FEDERAL MOGUL-ST  JOHNS,43.006271,-84.561343,Aluminum
FEDERAL MOGUL-ST  JOHNS,43.006271,-84.561343,Copper
FEDERAL MOGUL-ST  JOHNS,43.006271,-84.561343,Tin
FORMER KNAPPS WAREHOUSE,42.720105,-84.543433,Nickel
BALLENTINE BUILDING,42.976194,-82.424135,Nickel
BALLENTINE BUILDING,42.976273,-82.424182,Nickel
BALLENTINE BUILDING,42.976273,-82.424182,Nickel
FIFE ROCK PRODUCTS CO,41.23762,-111.9785,Aluminum
FIFE ROCK PRODUCTS CO,41.23762,-111.9785,Silicon
FROG PONDS OLD LANDFILL SITE,41.532862,-112.034986,Arsenic
YTTRIUM PLANT,41.32133,-105.60009,Yttrium
BRIGHAM CITY LANDFILL PROPERTY,41.50987,-112.052868,Arsenic
TOWN CREEK SUMP SITES,39.792672,-123.270466,Chromium
FORMER SHEPHERDSTOWN LANDFILL,39.429503,-77.822584,Arsenic
DUFFS SUNOCO,39.80338,-86.10406,Arsenic
JOHN LITTLE DRUM SITE,35.132027,-90.059003,Arsenic
LOS ALAMITOS UNIFIED SCHOOL DISTRICT,33.801864,-118.063181,Arsenic
NEWTON WASTEWATER TREATMENT BTA,38.02828,-97.3596,Arsenic
LEAVENWORTH CHOCTAW SOUTH LOT,39.31658,-94.91186,Arsenic
LEAVENWORTH CHOCTAW SOUTH LOT,39.31658,-94.91186,Chromium
LEAVENWORTH CHOCTAW SOUTH LOT,39.31658,-94.91186,Cobalt
LEAVENWORTH CHOCTAW SOUTH LOT,39.31658,-94.91186,Manganese
MORGAN CO. SOCCER FIELD RECREATION AREA & COMPLEX PARCEL 1,39.547714,-78.269901,Arsenic
KINGERY CONSTRUCTION SITE,40.823864,-96.677542,Arsenic
FORMER AMERICAN INDUSTRIAL,41.516553,-81.598131,Tin
HAWLEY PARK,41.539567,-81.572283,Arsenic
SCRAGGLY LAKE,45.326408,-67.984836,Aluminum
SHEFFIELD INDUSTRIAL SITE- LOTS 1 AND 2,41.93563,-85.62974,Copper
FAIRFAX INTERGENERATIONAL HOUSING PROJECT,41.49771,-81.62958,Tin
FORMER NEFF PRINTING,39.027783,-94.655791,Chromium
MISTY RIDGE,41.358727,-75.742332,Aluminum
FORMER TAR HEEL RECYCLING FACILITY,35.85852,-77.04417,Manganese
MALDEN INDUSTRIAL PARK SUBDIVISION,36.614782,-89.969847,Arsenic
JAMAA LEARNING CENTER - 4408-4454 ST. LOUIS AVE.,38.6644,-90.24093,Arsenic
TIFFIN GLASSHOUSE,41.130471,-83.182686,Arsenic
TIFFIN GLASSHOUSE,41.130471,-83.182686,Cerium
TIFFIN GLASSHOUSE,41.130471,-83.182686,Chromium
TIFFIN GLASSHOUSE,41.130471,-83.182686,Nickel
TIFFIN GLASSHOUSE,41.130471,-83.182686,Silicon
PALMETTO - FORMER HEARTLAND FERTILIZER,27.51985,-82.57704,Chromium
PEDIGREED 2 PROPERTY,34.372246,-80.071808,Copper
BRONZEVILLE URBAN DEVELOPMENT,41.820267,-87.603826,Arsenic
FRANKFORT ROUNDHOUSE SITE,40.279943,-86.522708,Nickel
PROPOSED BLENHEIM SCHOOL SITE,34.50944,-79.65447,Arsenic
BUNGE PROPERTIES- 3000 1ST AVENUE,41.26073,-95.89298,Tin
GARNETT ASTROTRUCK COVER BTA,38.280931,-95.221841,Arsenic
GARNETT ASTROTRUCK COVER BTA,38.280931,-95.221841,Chromium
ST ELMO,35.02127,-85.3214,Chromium
FORMER TAZLINA COPPER VALLEY SCHOOL,62.1987,-146.05,Copper
BRADENTON - GROCERY STORE SITE,27.48811,-82.56459,Arsenic
LACOOCHEE - PROPOSED COMMUNITY CENTER SITE,28.456201,-82.174497,Arsenic
LACOOCHEE - PROPOSED COMMUNITY CENTER SITE,28.456201,-82.174497,Chromium
VACANT TRACT OF LAND,33.06524,-96.15143,Chromium
VACANT TRACT OF LAND,33.06524,-96.15143,Copper
VACANT TRACT OF LAND,33.06524,-96.15143,Nickel
MCGILL BALL PARK,39.401492,-114.780559,Copper
BLACKHAWK DRIVE,41.48358,-87.70145,Manganese
900 ALRECO STREET,42.139696,-86.438047,Aluminum
EAST TAMPA - 40TH STREET PARCELS,27.973695,-82.414474,Arsenic
PARK SOUTH TRACT,32.856322,-79.969257,Antimony
PARK SOUTH TRACT,32.856322,-79.969257,Arsenic
2120 25TH AV,30.37648,-89.09296,Arsenic
FORMER BRIZARDS STORE,41.1879,-123.7091,Chromium
FORMER HARDWARE STORE- 252 MAIN STREET,43.023822,-91.176327,Tin
400 GOODRICH STREET,41.3357,-72.93443,Copper
400 GOODRICH STREET,41.3357,-72.93443,Nickel
400 GOODRICH STREET,41.3357,-72.93443,Zinc
CSX PARCEL 4,30.433726,-84.298975,Arsenic
FORMER OMAHA COLD STORAGE,41.20755,-95.96305,Arsenic
KIDDE BRASS & ALUMINUM FOUNDRY,39.29817,-77.86209,Aluminum
LACOOCHEE INFRASTRUCTURE - AREA C,28.4651,-82.1674,Arsenic
LACOOCHEE INFRASTRUCTURE - AREA D,28.4676,-82.1631,Arsenic
LACOOCHEE INFRASTRUCTURE - AREA D,28.4676,-82.1631,Chromium
328 SOUTH 3RD AVENUE,42.04482,-92.90802,Arsenic
328 SOUTH 3RD AVENUE,42.04482,-92.90802,Chromium
FORMER B&B ENTERPRISES,30.978628,-87.256152,Arsenic
COPPER POINT APN01-241-09,38.98294,-119.16739,Copper
PEASELY PRODUCTS,41.17312,-73.14974,Aluminum
PEASELY PRODUCTS,41.17312,-73.14974,Beryllium
PEASELY PRODUCTS,41.17312,-73.14974,Copper
PEASELY PRODUCTS,41.17312,-73.14974,Magnesium
PEASELY PRODUCTS,41.17312,-73.14974,Manganese
PEASELY PRODUCTS,41.17312,-73.14974,Zinc
421 RACE STREET,41.935608,-85.019069,Aluminum
CHROMIUM PROCESS COMPANY,41.316935,-73.091758,Chromium
J.I. HAILEY LEASE,27.82231,-97.427512,Arsenic
BIG BEND STRUCTURES,44.208375,-99.787065,Aluminum
FOAMCOAT A1,39.2595,-81.5446,Arsenic
FOAMCOAT A2,39.258979,-81.546205,Arsenic
COIL,39.258872,-81.540605,Arsenic
FOAMCOAT B,39.259361,-81.542681,Arsenic
ISOTEK A1,39.258199,-81.537559,Arsenic
ISOTEK A2,39.257753,-81.536615,Arsenic
511 SOUTH CENTRAL,39.28467,-76.59914,Tin
FORMER INTERNATIONAL CENTRE,43.43527,-83.9369,Tin
KIDS POND,44.074879,-99.580081,Manganese
PRESTON RIVERWALK - 10 ROUTE 12,41.485466,-72.066205,Tin
PRESTON RIVERWALK - 14 ROUTE 12,41.485334,-72.066173,Tin
PRESTON RIVERWALK - 10 RIVERVIEW WAY,41.458122,-72.089969,Tin
RIVER STREET INDUSTRIAL PROPERTY,43.407368,-83.962703,Aluminum
RIVER STREET INDUSTRIAL PROPERTY,43.407368,-83.962703,Arsenic
RIVER STREET INDUSTRIAL PROPERTY,43.407368,-83.962703,Chromium
RIVER STREET INDUSTRIAL PROPERTY,43.407368,-83.962703,Copper
RIVER STREET INDUSTRIAL PROPERTY,43.407368,-83.962703,Magnesium
RIVER STREET INDUSTRIAL PROPERTY,43.407368,-83.962703,Manganese
RIVER STREET INDUSTRIAL PROPERTY,43.407368,-83.962703,Zinc
"RIFKIN PROPERTY, FORMER CARLISLE TANNERY",43.445416,-83.930821,Copper
WESTSIDE CAN CENTER,39.08624,-94.59257,Arsenic
BEACON HILL SW QUADRANT - 2613 TROOST,39.07892,-94.57091,Arsenic
POWER HOUSE SCIENCE CENTER,38.593324,-121.50564,Copper
POWER HOUSE SCIENCE CENTER,38.593324,-121.50564,Zinc
FORMER INLAND STEEL PERSONNEL BUILDINGS PROPERTY,41.62266,-87.43268,Aluminum
4500 DIVISION -  GLT PURCHASE,41.49081,-81.7179,Tin
FORMER DELUXE BUMPER SITE,41.501543,-81.636598,Nickel
MICELI EXPANSION SITE,41.48532,-81.62644,Aluminum
OTTUMWA ELK CLUB - 413 S IOWA AVENUE,41.00704,-92.39558,Arsenic
MARYSVILLE DEPOT,39.84414,-96.6488,Arsenic
SARASOTA - MULTIPURPOSE SITE,27.36564,-82.53309,Arsenic
FORMER KRAFT FURNITURE STORE,41.25205,-95.93707,Arsenic
PALMETTO - 1620 8TH AVENUE SITE,27.52825,-82.5729,Arsenic
WHITING'S AXE FACTORY,44.498813,-69.006822,Arsenic
WHITING'S AXE FACTORY,44.498813,-69.006822,Chromium
CMP DAM,44.438104,-68.998174,Arsenic
CMP DAM,44.438104,-68.998174,Chromium
KNOWLES PROPERTY,38.19053,-94.02794,Arsenic
FORMER TOWER MANUFACTURING,38.73781,-85.39422,Arsenic
VACANT LAND (SECTIONS C&D),40.62392,-103.21494,Arsenic
STATE FARM OFFICE BUILDING,37.43562,-94.70498,Arsenic
STATE FARM OFFICE BUILDING,37.43562,-94.70498,Zinc
RAPID CABLE,39.65735,-87.39824,Aluminum
1540 COLUMBUS AVENUE,42.32346,-71.09842,Arsenic
1542R COLUMBUS AVENUE,42.32331,-71.097674,Arsenic
ELLIS COUNTY PUBLIC WORKS SHOP,38.939,-99.5591,Arsenic
ELLIS COUNTY PUBLIC WORKS SHOP,38.939,-99.5591,Chromium
GULFPORT TIRE COMPANY,30.38089,-89.08145,Arsenic
SIMON PROPERTY - 4225 N. LA CHOLLA,32.28376,-111.01189,Arsenic
SIMON PROPERTY - 4225 N. LA CHOLLA,32.28376,-111.01189,Chromium
THE LANDING - OLD MILL PORTION,41.29965,-122.306213,Arsenic
BURLINGAME NEWSPAPER BTA,38.75369,-95.83408,Arsenic
BURLINGAME NEWSPAPER BTA,38.75369,-95.83408,Chromium
1200 BLOCK OF HAYNE STREET (EVEN ADDRESSES),41.00715,-92.398592,Arsenic
1200 BLOCK OF ORCHARD STREET (ODD ADDRESSES),41.00615,-92.398822,Arsenic
1200 BLOCK OF HAYNE STREET (ODD ADDRESSES),41.00751,-92.39854,Arsenic
500 BLOCK OF SOUTH ELM STREET (EVEN ADDRESSES),41.00656,-92.39792,Arsenic
500 BLOCK OF SOUTH FELLOWS AVENUE (ODD ADDRESSES),41.00651,-92.39686,Arsenic
1100 BLOCK OF HAYNE STREET (ODD ADDRESSES),41.00764,-92.39905,Arsenic
1100 BLOCK OF RAILROAD STREET (EVEN ADDRESSES),41.00863,-92.3997,Arsenic
1200 BLOCK OF RAILROAD STREET (EVEN ADDRESSES),41.00837,-92.39913,Arsenic
VACANT PARCEL 1.01; WEST TURNER ROAD,30.748128,-88.087476,Arsenic
5 & 10 STORE,44.714351,-67.458378,Tin
1001 NEWELL STREET,42.51292,-92.32218,Arsenic
FORMER LASALLE COUNTY SCHOOL EMPLOYEE CREDIT UNION (1313 CHESTNUT STREET),41.35357,-88.84881,Arsenic
PALMETTO - 5TH STREET PARCELS,27.515386,-82.574634,Arsenic
FORMER NIPHOS COATINGS,43.33291,-88.28877,Copper
FORMER NIPHOS COATINGS,43.33291,-88.28877,Nickel
NIGHTS INN BTA,39.31908,-94.91238,Arsenic
WILLOW CREEK FLOODPLAIN,37.849166,-106.926435,Arsenic
WILLOW CREEK FLOODPLAIN,37.849166,-106.926435,Zinc
BURLINGAME TV REPAIR SHOP,38.75369,-95.83417,Arsenic
BURLINGAME TV REPAIR SHOP,38.75369,-95.83417,Chromium
STAVER FOUNDRY CO,47.51406,-92.53083,Nickel
27 BRIGHT STREET,44.48844,-73.20839,Arsenic
27 BRIGHT STREET,44.48844,-73.20839,Zinc
AGI RUBBER - PARCEL 5A,41.179,-73.18489,Tin
COPPER VALLEY SCHOOL (FORMER),62.048204,-145.409791,Copper
PRESTON RIVERWALK,41.482314,-72.065837,Tin
718 EAST 2ND AVENUE,41.68008,-91.56338,Arsenic
718 EAST 2ND AVENUE,41.68008,-91.56338,Chromium
WHITABKER MIDDLE SCHOOL,45.56391,-122.62346,Arsenic
300 BLOCK OF SOUTH ASH STREET (ODD ADDRESSES),41.007958,-92.400631,Arsenic
1000 BLOCK OF RAILROAD STREET (EVEN ADDRESSES),41.007922,-92.401353,Arsenic
1000 BLOCK OF HAYNE STREET (ODD ADDRESSES),41.007447,-92.401119,Arsenic
300 BLOCK OF SOUTH CHERRY STREET (EVEN ADDRESSES),41.007422,-92.401844,Arsenic
650 MULBERRY MDOT RELOCATION SITE,39.106672,-94.599599,Arsenic
AGI RUBBER -  PARCEL 8F,41.17947,-73.186218,Tin
TINKER FLATS,39.78849,-86.13945,Aluminum
FORMER RODGERS LABORATORIES INC,42.969339,-87.919389,Arsenic
REDBUD PATH (OLIVER TO WOODLAWN),37.7155,-97.27096,Arsenic
CONWAY PARK,42.382725,-71.108971,Arsenic
CONWAY PARK,42.382725,-71.108971,Chromium
HOLCOMB PAINT FACTORY,30.38095,-89.10173,Arsenic
1807-15 N KIMBALL,41.913641,-87.711776,Antimony
1807-15 N KIMBALL,41.913641,-87.711776,Arsenic
PARK 512 AVENUE PARK,41.91429,-87.66776,Aluminum
JENS OLESEN & SONS CONSTRUCTION COMPANY RUBBLE SITE,42.519605,-92.395479,Chromium
300 BLOCK OF SOUTH IOWA AVENUE (ODD ADDRESSES),41.007514,-92.395917,Arsenic
INNER VISION SITE 1,35.133892,-90.054622,Arsenic
80 LIVERPOOL STREET,42.372054,-71.041036,Copper
EAST PORTLAND GAS WORKS GAS HOLDER TANK SITE,45.522921,-122.66177,Arsenic
127 E BITTNER,43.873118,-85.509458,Arsenic
127 E BITTNER,43.873118,-85.509458,Chromium
INNER VISION SITE 2,35.133185,-90.054969,Arsenic
FORMER SUN RUBBER,41.0232,-81.59176,Aluminum
PROPOSED BUS MAINTENANCE FACILITY,28.2996,-82.3105,Chromium
SVCOG/JUNIOR ACHIEVMENT SITE,40.41373,-79.8982,Tin
"34 WOODBRIDGE LANE														",40.840955,-73.650145,Arsenic
"34 WOODBRIDGE LANE														",40.840955,-73.650145,Zinc
FORMER ROUNDHOUSE PROPERTY (WEST),41.844769,-94.126092,Arsenic
LITTLE EARTH PROPERTY,44.95555,-93.244,Arsenic
FORMER COCA COLA FACILITY,41.06069,-85.11538,Aluminum
FORMER CANTON LAUNDRY,41.07541,-85.14792,Tin
LOWER COUNTY SHOP,47.005768,-120.554419,Magnesium
FEDERATED METALS,40.2401,-74.73653,Zinc
ST. CLAIR INDUSTRIAL PARK,42.852688,-82.49508,Arsenic
PREMIUM AUTO REPAIR,41.51328,-82.9419,Tin
WHITLOCK COMBING COMPANY,32.999087,-81.295167,Aluminum
WHITLOCK COMBING COMPANY,32.999087,-81.295167,Aluminum
425 RIVER STREET,41.61588,-94.0138,Arsenic
FERRY STREET PROPERTIES,41.615071,-94.016509,Arsenic
MUNICIPAL FARMS - MCI SITE,39.038798,-94.492563,Arsenic
UTAH BARREL AND SCRAP,40.75075,-111.9026,Arsenic
UTAH BARREL AND SCRAP,40.75075,-111.9026,Chromium
RIDGEWAY 63 LLC PROPERTY (PIN# 8913-33-376-012),42.469657,-92.39045,Chromium
STABOND CORP,33.904114,-118.309145,Magnesium
PRAIRIE TOOL & DIE,43.04567,-91.14086,Arsenic
PRAIRIE TOOL & DIE,43.04567,-91.14086,Chromium
REDBUD TRAIL_ANDOVER,37.713904,-97.136429,Arsenic
808 EAST LOGAN STREET,41.58446,-85.82044,Aluminum
MCLEANSBORO HIGH SCHOOL,38.092274,-88.538085,Manganese
PHILLIPS DEVELOPMENT ISLAND PROPERTY,33.48988,-88.44268,Chromium
FORMER WAYNE MINER HOUSING,39.10088,-94.5571,Arsenic
FORMER WAYNE MINER HOUSING,39.09972,-94.55831,Arsenic
PARCEL 1C08 - NCMRWC PROPERTIES,40.342381,-93.090617,Arsenic
PARCEL 1C03 - NCMRWC PROPERTIES,40.342381,-93.090617,Arsenic
PARCEL 1C02 - NCMRWC PROPERTIES,40.359183,-93.084931,Arsenic
SILOAM PROPERTY,38.732317,-82.914144,Aluminum
COFFEYVILLE RAILS TO TRAILS,37.04461,-95.64267,Arsenic
COFFEYVILLE RAILS TO TRAILS,37.04461,-95.64267,Chromium
BEATRICE CONCRETE COMPANY,40.260338,-96.750836,Arsenic
CATLIN AUTO PARTS & SALVAGE - NORTH PARCEL,40.26897,-96.7522,Arsenic
CATLIN AUTO PARTS & SALVAGE - NORTH PARCEL,40.26897,-96.7522,Chromium
CATLIN AUTO PARTS & SALVAGE - SOUTH PARCEL,40.26897,-96.7522,Arsenic
CATLIN AUTO PARTS & SALVAGE - SOUTH PARCEL,40.26897,-96.7522,Chromium
CHILLICOTHE CORRECTIONAL FACILITY,39.789821,-93.542164,Arsenic
DAKOTA CITY LANDFILL,42.409518,-96.418792,Arsenic
APPLETON CITY HALL,38.190525,-94.027726,Arsenic
CATLIN AUTO PARTS AND SALVAGE - DANNY AND MARY,40.270132,-96.752858,Arsenic
CATLIN AUTO PARTS AND SALVAGE - DANNY AND MARY,40.270132,-96.752858,Chromium
FARMERS UNION CO-OP SUPPLY,40.26955,-96.752819,Arsenic
LINCOLN DEPOT LIMITED PARTNERSHIP PROPERTY SITE,40.81518,-96.71117,Arsenic
MISSOURI DEPARTMENT OF TRANSPORTATION PROPERTY,37.489615,-92.428556,Arsenic
FORMER MISSOURI STATE PENITENTIARY,38.573324,-92.162532,Arsenic
WINNEBAGO TRIBE OF NEBRASKA,42.02491,-97.41021,Arsenic
WINNEBAGO TRIBE OF NEBRASKA,42.02491,-97.41021,Chromium
1659 S. FRONT STREET,41.12773,-81.48549,Arsenic
25 WEST MILLER AVENUE,41.05651,-81.53032,Beryllium
FORMER SUNSHINE MARKET,39.055893,-94.558666,Arsenic
FORT SCOTT RIVERFRONT BTA #6,37.85026,-94.69866,Arsenic
SKYHOOK BTA,38.59077,-95.26885,Arsenic
FORT SCOTT RIVERFRONT BTA #5,37.84757,-94.70099,Arsenic
FORT SCOTT RIVERFRONT BTA #5,37.84757,-94.70099,Chromium
105 AND 107 SOUTH SUPERIOR STREET,42.245054,-84.753014,Tin
MIRRO PLANT #3,44.09067,-87.67855,Aluminum
MIRRO PLANT #3,44.09067,-87.67855,Tin
312 MAPLE STREET,42.09846,-76.06966,Chromium
BRAZIL MOTORS,45.553801,-122.732333,Arsenic
BRAZIL MOTORS,45.553801,-122.732333,Chromium
HANOVER/ SOPHIA STREET PROPERTY,38.30211,-77.45756,Tin
1745 SOUTH FRONT STREET,41.1291,-81.48462,Arsenic
ARTIST BOAT SETTEGAST RD PROPERTY,29.223138,-94.926006,Chromium
1100 BLOCK OF HAYNE STREET (EVEN ADDRESSES),41.006761,-92.401042,Arsenic
400 BLOCK OF SOUTH ASH STREET,41.00676,-92.401042,Arsenic
"SUPER SALVAGE, INC",38.868695,-77.012636,Aluminum
"SUPER SALVAGE, INC",38.868695,-77.012636,Copper
MRBF-10,42.849883,-97.398888,Lithium
WALKER SITE,38.38889,-93.78285,Antimony
WALKER SITE,38.38889,-93.78285,Arsenic
DOLTON LOGISTICS SITE,41.637125,-87.59786,Aluminum
"JOE'S DATACENTER, LLC (1325 TRACY AVENUE)",39.09719,-94.56757,Arsenic
"MATTIE RHODES ART CENTER (1017, 1021, & 1023 W. 17TH STREET)",39.0929,-94.5965,Arsenic
1014 E. 19TH STREET (ADAMS-FERRO PROJECT),39.09003,-94.57071,Arsenic
1014 E. 19TH STREET (ADAMS-FERRO PROJECT),39.09003,-94.57071,Chromium
FORT SCOTT RIVERFRONT BTA #7,37.84558,-94.70402,Arsenic
1025 SYCAMORE STREET,42.49495,-92.33093,Arsenic
1025 SYCAMORE STREET,42.49495,-92.33093,Chromium
SCHULZ EXTRUDED PRODUCTS,34.819722,-89.975278,Aluminum
DALLAS COUNTY ENGINEERING DEPARTMENT PROPERTIES,41.615556,-94.013056,Arsenic
REID MEMORIAL HOSPITAL,39.84605,-84.88894,Copper
CHROMIUM PROCESS LAND PARCEL,41.31735,-73.09229,Chromium
KATY PARK,37.671986,-95.443296,Arsenic
KATY PARK,37.671986,-95.443296,Chromium
607 UNION STREET,37.038116,-95.614619,Arsenic
607 UNION STREET,37.038116,-95.614619,Chromium
POMPEIIS PIZZERIA,42.972449,-82.424561,Chromium
PET023 FORMER TEXACO (#817),18.010721,-66.616826,Zinc
FORMER GMA COVER CORP. PROPERTY,42.95769,-82.44697,Aluminum
FORMER GMA COVER CORP. PROPERTY,42.95769,-82.44697,Copper
TINMAN PROPERTY 2,35.732451,-81.332372,Chromium
FORMER EDENFIELD PROPERTY,27.51492,-82.56929,Arsenic
1102 W. CENTRAL AVE.,41.678131,-83.568594,Copper
1102 W. CENTRAL AVE.,41.678131,-83.568594,Nickel
1102 W. CENTRAL AVE.,41.678131,-83.568594,Zinc
FORMER LINCOLN HOTEL,40.09637,-98.95359,Arsenic
68 SOUTH STREET,42.27518,-71.41367,Zinc
DENVER URBAN GARDENS - HINKLEY HIGH SCHOOL GARDEN,39.734866,-104.809944,Aluminum
DENVER URBAN GARDENS - HINKLEY HIGH SCHOOL GARDEN,39.734866,-104.809944,Cobalt
DENVER URBAN GARDENS - HINKLEY HIGH SCHOOL GARDEN,39.734866,-104.809944,Manganese
DENVER URBAN GARDENS - HINKLEY HIGH SCHOOL GARDEN,39.734866,-104.809944,Vanadium
6190 W 13TH AVE,39.73661,-105.06482,Arsenic
MAIN STREET AMOCO,33.60709,-88.648039,Tin
1541-45 TOWER GROVE AVE,38.62168,-90.25569,Arsenic
ATMOS ENERGY,32.738437,-97.083691,Arsenic
ROCK HILL FEED & SEED,34.92184,-81.01404,Aluminum
ROCK HILL FEED & SEED,34.92184,-81.01404,Arsenic
ROCK HILL FEED & SEED,34.92184,-81.01404,Copper
ROCK HILL FEED & SEED,34.92184,-81.01404,Nickel
ROCK HILL FEED & SEED,34.92184,-81.01404,Zinc
FORMER BEN FRANKLIN BUILDING,42.21762,-85.89046,Tin
FREIGHT CAR FACILITY,39.680673,-87.403633,Arsenic
BEECH BOTTOM PLANT AND INDUSTRIAL PARK,40.215785,-80.658022,Aluminum
ST. JOSEPH'S DORMITORY,42.992519,-98.424833,Lithium
MCMILLEN FOUNDATION BUILDINGS,41.06487,-85.11995,Arsenic
MCMILLEN FOUNDATION BUILDINGS,41.06487,-85.11995,Tin
VACANT LAND PARCEL (1417 HANNA ST),41.073092,-85.128802,Arsenic
118 AND 120 WEST PORTER ST,42.243782,-84.754634,Tin
HAL SCOTT PRESERVE,28.4808,-81.0952,Arsenic
HAL SCOTT PRESERVE,28.4808,-81.0952,Arsenic
BROOKSVILLE HOUSING AUTHORITY PROPERTY,28.545546,-82.393489,Arsenic
GREEN STREET VILLAS,38.911646,-94.361652,Arsenic
GREEN STREET VILLAS,38.911646,-94.361652,Chromium
RIVERFRONT PARK,29.212185,-81.019404,Arsenic
OLD SWISS PLYWOOD,37.941867,-86.769778,Arsenic
MT. CHALCHIHUITL PROPERTY,35.47013,-106.1149,Zinc
FORMER PLYWOOD FACTORY,38.04512,-86.852,Arsenic
MADEIRA PROPERTY,43.54895,-71.46759,Copper
SWAYZE COURT APARTMENTS,43.01128,-83.69067,Chromium
591 NORTH WAYNE AVENUE,39.23552,-84.46002,Chromium
225 COATS/209 E FIFTH,43.875017,-85.51005,Aluminum
NSB3 - FAULKNER STREET SITE,29.02548,-80.92312,Arsenic
DODGE CITY PARKING LOT,37.75189,-100.02082,Arsenic
DODGE CITY PARKING LOT,37.75189,-100.02082,Chromium
DODGE CITY HOTEL,37.751623,-100.021591,Arsenic
DODGE CITY HOTEL,37.751623,-100.021591,Chromium
ATCHISON YMCA BTA #1,39.56186,-95.11721,Arsenic
NEWARK ELECTROPLATING,40.05439,-82.39933,Arsenic
NEWARK ELECTROPLATING,40.05439,-82.39933,Chromium
CANNON BALL DUMPSITE,46.394125,-100.596387,Arsenic
COZZA PROPERTY,38.27334,-85.74418,Arsenic
BP BAKER SITE,27.35966,-82.532856,Arsenic
28 N SAGINAW,42.63743,-83.29221,Tin
CHANUTE GOLF COURSE,37.64579,-95.454266,Arsenic
CHANUTE GOLF COURSE,37.64579,-95.454266,Chromium
GRIZZLY BAR,58.39161,-134.038608,Copper
SUNNY COVE,58.38941,-134.56016,Copper
SANDY BEACH,58.272708,-134.387555,Arsenic
OAK HILL -FORMER PUBLIC WORKS SITE,28.8641,-80.85027,Arsenic
ISLAND WAY PROPERTY,34.62405,-86.99191,Arsenic
MILLIPORE CIDRA INC,18.195631,-66.112101,Arsenic
MILLIPORE CIDRA INC,18.195631,-66.112101,Chromium
MILLIPORE CIDRA INC,18.195631,-66.112101,Manganese
KING ROOFING,35.4821,-79.17559,Aluminum
FIBERGLASS CORP OF AMERICA (FCA),37.09399,-95.58357,Arsenic
FIBERGLASS CORP OF AMERICA (FCA),37.09399,-95.58357,Chromium
SUNRISE GARDEN CENTER,38.95652,-95.23063,Arsenic
SUNRISE GARDEN CENTER,38.95652,-95.23063,Chromium
1019 BELL RIVER AVE,42.710993,-82.49705,Aluminum
"HANCOCK-ELLSWORTH TANNERY, PARCEL 3",44.54035,-68.319157,Chromium
MISTY MEADOW FARMS,30.36372,-88.51333,Aluminum
"FORMER RESCO PRODUCTS, INC. SITE",40.979093,-80.36277,Chromium
YELLOWSTONE TRAIL GARAGE,47.46987,-115.79354,Arsenic
TIMBER TREAT PRODUCTS,47.14449,-116.43863,Arsenic
TIMBER TREAT PRODUCTS,47.14449,-116.43863,Chromium
TIMBER TREAT PRODUCTS,47.14449,-116.43863,Copper
SALLY WONG PROPERTY,32.749865,-117.106413,Arsenic
FORMER LINCOLN GRAIN STORAGE,38.391829,-93.33315,Arsenic
GLADDEN HOMES,37.756451,-100.043142,Arsenic
GLADDEN HOMES,37.756451,-100.043142,Chromium
PIONEER PRINTING,40.04936,-86.46875,Arsenic
PIONEER PRINTING,40.04936,-86.46875,Chromium
NICKEL PLATE ROCHESTER EXTENSION,41.13141,-86.42035,Nickel
FORMER HOOSIER DESK,38.38992,-86.92854,Arsenic
JASPER MUNICIPAL ELECTRIC UTILITY,38.40079,-86.91443,Arsenic
GULF CITY SEAFOOD,30.37517,-88.55923,Copper
FORMER BILLY BOB'S,41.692907,-98.000016,Arsenic
HUPP PROPERTY,42.005474,-97.419172,Arsenic
CENTRAL PLATING,43.07957,-72.42774,Aluminum
CENTRAL PLATING,43.07957,-72.42774,Nickel
GARNETT CHURCH BTA,38.27596,-95.24222,Arsenic
GARNETT CHURCH BTA,38.27596,-95.24222,Chromium
TANANA COMMUNITY HALL,65.169743,-152.071174,Arsenic
WHITTIER BUCKNER BUILDING,60.77572,-148.6735,Arsenic
SHARING MINISTRIES LOT 17,38.477868,-107.88123,Arsenic
SHARING MINISTRIES LOT 17,38.477868,-107.88123,Chromium
MERIT PROPERTY,39.628078,-79.959834,Tin
THE LANDING - NEW MILL PORTION,41.29965,-122.306213,Arsenic
220 SOUTH COLLEGE STREET,41.01446,-92.40796,Arsenic
ROAD 28 PROPOSED ELEMENTARY SCHOOL,36.95802,-120.03882,Arsenic
PROPOSED BUENA VISTA SCHOOL ADDITION AND EXPANSION,36.18549,-119.43686,Arsenic
SPENCER'S PROPERTIES,36.50052,-80.60966,Tin
FORD POST AND POLE SITE,47.91476,-117.842864,Copper
CARSON CITY HALL RENOVATION,33.833091,-118.261707,Arsenic
ACME CLEANSING COMPANY,39.06871,-94.57781,Arsenic
8 SOUTH JEREMY STREET - CROWN PLATING,40.76905,-111.9154,Arsenic
8 SOUTH JEREMY STREET - CROWN PLATING,40.76905,-111.9154,Chromium
22 S JEREMY STREET - SCHOVAERS,40.76865,-111.9154,Arsenic
22 S JEREMY STREET - SCHOVAERS,40.76865,-111.9154,Chromium
947 W FOLSOM - MARBLECAST,40.7682,-111.9184,Arsenic
955 WEST FOLSOM - SWANER,40.7682,-111.91864,Arsenic
"COPPER RIVER HIGHWAY, MILE 13-14 ILLEGAL LANDFILL",60.46049,-145.285029,Copper
JASPER CABINET,38.38754,-86.92982,Arsenic
WESTSIDE MONARCH BUTTERFLY REFUGE AND GREENSPACE,39.087299,-94.599152,Arsenic
BETHEL NEIGHBORHOOD CENTER,39.10206,-94.62622,Arsenic
NILE VALLEY AQUAPONICS,39.073029,-94.55417,Copper
NILE VALLEY AQUAPONICS,39.073029,-94.55417,Nickel
NILE VALLEY AQUAPONICS,39.073029,-94.55417,Zinc
BUTLER AUTO REPAIR,38.273381,-94.34413,Arsenic
FORMER WALKER WIRE,42.475343,-83.133051,Tin
202 FALLS ROAD,35.94438,-77.79464,Copper
202 FALLS ROAD,35.94438,-77.79464,Tin
DENVER URBAN GARDEN AT LONE TREE ELEMENTARY SCHOOL,39.372212,-104.85609,Arsenic
DENVER URBAN GARDEN AT CHADASH SANCTUARY GARDEN,39.74379,-104.87355,Arsenic
DENVER URBAN GARDEN AT UNIVERSITY OF DENVER,39.67436,-104.96406,Arsenic
TWISTER TRAILER,37.847248,-94.708612,Aluminum
HAYWILK GALVANIZING,29.899884,-90.078477,Zinc
CANCER CARE PROPERTY LOT 3,47.380543,-122.255111,Arsenic
501 EAST 15TH STREET,42.50867,-90.66302,Arsenic
FORMER LP LUMBER MILL,40.094919,-120.909773,Arsenic
FORMER OVERBY PROPERTY,40.26306,-85.68226,Arsenic
OLD HOLIDAY INN,40.032092,-86.471783,Arsenic
ABBY BUILDING,34.762827,-89.432928,Aluminum
WINNEBAGO TRIBE OF NEBRASKA OLD TOWN DUMP,42.220848,-96.467085,Arsenic
REVAIS CREEK MINE TAILINGS AREA,47.267783,-114.407294,Arsenic
REVAIS CREEK MINE TAILINGS AREA,47.267783,-114.407294,Copper
B&T METALS,41.82795,-103.64993,Arsenic
WESTERN SUGAR,41.832894,-103.655641,Arsenic
BELANGIA TRACT,34.9448,-76.9349,Arsenic
BELANGIA TRACT,34.9448,-76.9349,Chromium
PHOENIX RECYCLING PROPERTY,34.92706,-76.94789,Arsenic
INTERNATIONAL AUTOMOTIVE COMPONENTS,40.207784,-77.187294,Arsenic
OVERLAND PARK OFFICE BTA,38.98399,-94.67274,Chromium
FLOWING WATERS,39.809446,-86.173509,Tin
1550 COLUMBUS AVE,42.323073,-71.098383,Arsenic
924 YORK STREET,44.09375,-87.66006,Aluminum
ELIZABETH STONE HOUSE,42.31699,-71.09711,Aluminum
1832 KIMBALL RD.,40.77816,-81.38317,Chromium
HIGHPOINT FLATS PROPERTY,43.23707,-86.25032,Manganese
FORMER COURTHOUSE ANNEX,40.88173,-85.49483,Tin
REGENCY MICROLOFTS,42.73335,-84.51284,Tin
RIVERVIEW MEADOWS (SOUTH),41.232881,-95.92317,Arsenic
2245 WEST PARK DRIVE,41.44516,-82.21254,Aluminum
"ELECTROCHEMICAL COATINGS, INC.",40.03599,-86.454269,Chromium
PITTSBURG CHIROPRACTIC,37.40828,-94.70484,Arsenic
PITTSBURG CHIROPRACTIC,37.40828,-94.70484,Chromium
RILEY BANK BUILDING,41.62925,-87.46143,Aluminum
CINEMA BUILDING,38.52603,-118.625542,Aluminum
KOFMEHL - 3900-4100 FREYA - SPOKANE,47.694926,-117.357444,Aluminum
FORMER COLE MOTORS,41.94253,-85.64926,Chromium
HOLY CROSS BIG LAKE FORMER DUMPSITE,62.193897,-159.775606,Copper
WINGER EXPANSION PROPERTY,41.00635,-92.401321,Arsenic
WINGER EXPANSION PROPERTY,41.00635,-92.401321,Chromium
INDUSTRIAL BUILDING,32.75184,-97.045682,Arsenic
5 JONES STREET,42.49297,-90.65908,Arsenic
85 TERMINAL STREET,42.49185,-90.65881,Arsenic
411 EAST 15TH STREET,42.50854,-90.66346,Arsenic
COASTAL METALS - LOT 7,42.8335,-71.00416,Zinc
COASTAL METALS - LOT 7,42.8335,-71.00416,Zinc
PENNOVATION WORKS-BUILDING 227,39.93965,-75.19821,Aluminum
PENNOVATION WORKS-BUILDING 227,39.93965,-75.19821,Antimony
PENNOVATION WORKS-BUILDING 227,39.93965,-75.19821,Arsenic
PENNOVATION WORKS-BUILDING 227,39.93965,-75.19821,Chromium
EAST LAWRENCE GATEWAY PARK,42.563749,-84.835335,Tin
FORMER SABALS GOLF COURSE,26.236398,-80.167084,Arsenic
GREYLOCK FLUME,42.698614,-73.152009,Aluminum
GREYLOCK FLUME,42.698614,-73.152009,Nickel
OLD GAS STATION AND RADIATOR SHOP,38.70301,-90.29483,Arsenic
FORMER WEIR CITY ZINC,37.43564,-94.70498,Arsenic
FORMER WEIR CITY ZINC,37.43564,-94.70498,Zinc
C_TV_CONSER211_,42.235749,-96.474409,Arsenic
FORMER RAILYARD,40.88451,-85.48559,Tin
FORMER JJ'S EXPRESS LUBE,38.22594,-86.86226,Arsenic
AMERICAN LEGION POST NO. 5,37.93067,-87.895,Tin
ANDERSON CLAUDE SITE,29.737,-95.36013,Arsenic
1816 S. FRONT STREET,41.12989,-81.48413,Arsenic
SPARTAN MOTORS,42.550538,-84.852879,Aluminum
FORMER MITCHELL BANK,38.73304,-86.4724,Tin
INTERSTATE LANE,41.53125,-72.99228,Aluminum
KAKA'AKO MAKAI PARCEL D,21.291364,-157.860821,Copper
KAKA'AKO MAKAI PARCEL D,21.291364,-157.860821,Zinc
KAKA'AKO MAKAI PARCEL E,21.29533,-157.85858,Arsenic
HHHT AUTO SITE,27.527,-82.57293,Arsenic
1 EAGLE DRIVE,43.40181,-70.7078,Aluminum
UNION PACIFIC RR,46.758903,-92.107538,Arsenic
NATIVES OF KODIAK REDEVELOPMENT AREA,57.773411,-152.471071,Arsenic
M&M ITALIAN STYLE FOODS,33.5135,-96.39252,Arsenic
FORMER MIDWEST RUBBER,41.02482,-81.61607,Zinc
DRAIN PROPERTIES,45.63644,-109.25057,Platinum
CHAMPION #4 MACHINE SHOP,47.03416,-88.67019,Copper
FORMER ADVANCE PLATING FACILITY,39.71536,-86.14238,Copper
FORMER ADVANCE PLATING FACILITY,39.71536,-86.14238,Nickel
FORMER ADVANCE PLATING FACILITY,39.71536,-86.14238,Zinc
OPHELIA'S BLUE VINE URBAN FARM,39.082786,-94.564105,Arsenic
URBAN ORCHARD PROJECT,39.04533,-94.55646,Arsenic
"625, 627, & 629 BREVARD AVENUE",28.35166,-80.72618,Arsenic
BANEY PROPERTY,33.39853,-110.87054,Tin
CLAYPOOL METHODIST CHURCH,33.411729,-110.841044,Arsenic
CLAYPOOL METHODIST CHURCH,33.411729,-110.841044,Chromium
17-MILE ROCK ISLAND RAIL CORRIDOR,39.05736,-94.50174,Arsenic
PIN 1130155002,42.493494,-90.659977,Arsenic
FORMER PRIMAVERA CLUB,41.010514,-92.376033,Arsenic
EVERETT AUTO CLINIC,47.97538,-122.21133,Arsenic
EVERETT AUTO CLINIC,47.97538,-122.21133,Chromium
FORMER LLOYD'S HEARING AID,42.26613,-89.08664,Arsenic
VAN DYKE AVENUE EASTERN TERMINUS,37.727049,-122.388693,Copper
VAN DYKE AVENUE EASTERN TERMINUS,37.727049,-122.388693,Nickel
VAN DYKE AVENUE EASTERN TERMINUS,37.727049,-122.388693,Zinc
CHROMIUM PROCESS FACILITY,41.3169,-73.09122,Chromium
KELLER AND INDIANA CONSOLIDATED SMELTER,48.09654,-118.68484,Copper
FORMER NICKEL PLATE RAILROAD ROUNDHOUSE PROPERTY,39.80516,-86.13751,Nickel
STORE KRAFT MANUFACTURING,40.27972,-96.7481,Arsenic
UTE-ULAY PORTAL ROAD BUILDINGS AND ASSAY OFFICE,38.019444,-107.375583,Zinc
CORNER OF SPRING AND GARDEN,30.41227,-87.21862,Arsenic
BRADFORD BUILDING,39.08762,-84.50951,Tin
FUTURE SELECT PRODUCTS LIMITED,42.258203,-85.701967,Aluminum
COMMUNITY CROPS SITE,40.803641,-96.714274,Arsenic
LAUNDROMAT,40.369795,-97.970052,Arsenic
LAUNDROMAT,40.369795,-97.970052,Chromium
63RD & PROSPECT AVENUE REDEVELOPMENT,39.0125,-94.55616,Arsenic
BANEY BUILDING,33.39853,-110.87054,Tin
FORMER GRAIN ELEVATOR,39.61049,-85.44922,Tin
PRISM DEVELOPMENT INC.,30.256667,-97.712096,Tin
JIG BEE FLOWERS,39.98368,-75.13774,Arsenic
TIOGA UNITED GARDEN,40.0074,-75.16156,Arsenic
LEE ALAN BRYANT HOSPITAL,39.76538,-87.15726,Arsenic
1717 MONTANA ST. PROPERTY,46.87292,-114.02264,Arsenic
LEWISTOWN FEED MILL PROPERTY,47.067747,-109.422558,Cobalt
606 AND 608 MAIN STREET,39.94004,-82.00498,Tin
R.L. BEST,28.759628,-81.259922,Aluminum
REVERE COPPER - LOT 46C,41.964188,-70.670296,Copper
REVERE COPPER - LOT 46C,41.964188,-70.670296,Magnesium
REVERE COPPER - LOT 46C,41.964188,-70.670296,Zinc
REVERE COPPER - LOT 46C,41.964188,-70.670296,Copper
REVERE COPPER - LOT 46C,41.964188,-70.670296,Magnesium
REVERE COPPER - LOT 46C,41.964188,-70.670296,Zinc
REVERE COPPER - LOT 54,41.964188,-70.670296,Copper
REVERE COPPER - LOT 54,41.964188,-70.670296,Magnesium
REVERE COPPER - LOT 54,41.964188,-70.670296,Zinc
HUGHES LUMBER,37.17042,-104.505942,Arsenic
HUGHES LUMBER,37.17042,-104.505942,Chromium
ESTACADA LUMBER COMPANY,45.29585,-122.34165,Chromium
FORMER CSX RAIL,38.296401,-85.784975,Arsenic
MARSHALL'S FOREST,38.296401,-85.784975,Arsenic
URRUTIA,39.63193,-119.28482,Manganese
BLUE WAVE BOATS,35.229317,-96.68394,Aluminum
1701 3RD AVENUE EAST,41.29265,-92.62601,Arsenic
FORMER HOYT MACHINE SHOP,39.787442,-86.125666,Chromium
PRESSURE CAST PRODUCTS,37.04027,-95.61201,Aluminum
PILGRIMS PRIDE - ATHENS AL PROCESSING PLANT,34.805507,-86.95793,Arsenic
PILGRIMS PRIDE - ATHENS AL PROCESSING PLANT,34.805507,-86.95793,Chromium
NICKELS GULF,41.395918,-83.108659,Nickel
ICE MINE QUARRY,48.245424,-118.198571,Arsenic
ALUMIWORKS,35.82988,-79.80182,Aluminum
FORMER BOB POWERS TOYOTA & VACANT LOT,39.837485,-86.045434,Arsenic
CENTRAL DOCK,43.377759,-124.216271,Arsenic
CENTRAL DOCK,43.377759,-124.216271,Copper
CULVER PROPERTY,36.001444,-94.174009,Arsenic
UNION ELEMENTARY SCHOOL,44.25998,-72.57096,Arsenic
DEMPSTER INDUSTRIES,40.259182,-96.747,Arsenic
891 N FRONT,43.373413,-124.211511,Arsenic
LAKE ALFRED - GRAYS TRUCKING SITE,28.08866,-81.72962,Chromium
FORMER CHEMISTRY HALL LABS,27.49391,-82.55705,Arsenic
"COLUMBUS PARK: 601 E. 3RD, 311 CHERRY, 300 HOLMES",39.11113,-94.57703,Arsenic
RETAIL COMMERCIAL PROPERTY,39.65843,-87.39825,Tin
TRIBUNE BUILDING,37.841644,-94.707069,Arsenic
TRIBUNE BUILDING,37.841644,-94.707069,Chromium
3843 SEISS,41.69128,-83.55628,Arsenic
FURNITURE CITY 1,43.57689,-116.55909,Arsenic
FURNITURE CITY 2,43.57676,-116.5589,Arsenic
FURNITURE CITY 3,43.57206,-116.56457,Arsenic
FURNITURE CITY 4,43.57605,-116.55941,Arsenic
"304 E. MAIN ST., EMMETT",43.8756,-116.49691,Arsenic
FERNANDEZ SITE,32.22151,-110.93655,Graphite
THOMAS WEST RIVERFRONT,39.148024,-79.50128,Arsenic
THOMAS WEST RIVERFRONT,39.148024,-79.50128,Cobalt
THOMAS WEST RIVERFRONT,39.148024,-79.50128,Manganese
FORMER ISLAND MACHINE COMPANY,41.99913,-71.51576,Tin
BADGER SHEET METAL INC,44.512529,-88.024064,Tin
FORMER SOUTH HAVEN COIL,42.380923,-86.274149,Arsenic
SEDRO-WOOLLEY LUMBER CO,48.49891,-122.23888,Arsenic
SEDRO-WOOLLEY LUMBER CO,48.49891,-122.23888,Chromium
SEQUOIA GROVE,37.667385,-122.097574,Arsenic
FORMER SPECIFIC PLATING FACILITY,34.015185,-118.173398,Aluminum
FORMER SPECIFIC PLATING FACILITY,34.015185,-118.173398,Chromium
FORMER SPECIFIC PLATING FACILITY,34.015185,-118.173398,Nickel
200 BRIDGE STREET,44.88167,-72.94239,Tin
METALDYNE PROPERTY,41.40946,-81.49783,Aluminum
410 EAST DRIVE,42.27668,-84.94828,Arsenic
410 EAST DRIVE,42.27668,-84.94828,Chromium
410 EAST DRIVE,42.27668,-84.94828,Zinc
GRAND TRUNK TICKET OFFICE,43.231464,-86.259589,Aluminum
FORMER FONNER'S CLEANERS,40.138253,-87.630144,Arsenic
FORMER FONNER'S CLEANERS,40.138253,-87.630144,Chromium
19770 ST. CLAIR AVENUE,41.57815,-81.54125,Arsenic
19770 ST. CLAIR AVENUE,41.57815,-81.54125,Chromium
FORMER YMCA,41.446767,-81.702548,Arsenic
FORMER SERVICE STATION,40.131908,-87.593504,Aluminum
FORMER SERVICE STATION,40.131908,-87.593504,Chromium
FORMER SERVICE STATION,40.131908,-87.593504,Manganese
MARIANNA COMMUNITY PARK,40.017182,-80.108765,Arsenic
MARIANNA COMMUNITY PARK,40.017182,-80.108765,Chromium
HILAND DAIRY/ROBERTS DAIRY,39.764628,-94.854481,Arsenic
PIN 8913-23-455-001 (TECHWORKS),42.500475,-92.346431,Arsenic
SUNDANCE LANE PROPERTY,44.210196,-70.513781,Chromium
"227-229 3RD AVE N, WILSON TRUCKING EXCAVATION",41.84732,-90.18893,Arsenic
FORMER BARRETT STORE,37.046293,-80.784769,Tin
JOHNSON COUNTY MAINTENANCE SHED,41.8445,-91.69962,Arsenic
SOUTHERN ALUMINUM,30.86075,-87.76795,Aluminum
FMR. HEATCRAFT,40.146757,-87.596405,Aluminum
450 AND 471 N. WATER ST.,36.043942,-114.988922,Titanium
WILLOW AND PINE MULTI-FAMILY RESIDENCES,40.591313,-105.074748,Chromium
FORMER HONEY CREEK PROPERTY,40.35434,-80.61458,Tin
PITTSBURGH DIE AND CASTING COMPANY SITE,40.41835,-79.88473,Aluminum
PITTSBURGH DIE AND CASTING COMPANY SITE,40.41835,-79.88473,Zinc
"BRIDGEPORT BRASS, UNIT #09",41.182227,-73.19453,Copper
JOHNS MANVILLE,39.3282,-81.55176,Copper
1500 COMMERCIAL STREET,42.48862,-92.32991,Arsenic
AWBREY LANE,44.124837,-123.182369,Arsenic
AWBREY LANE,44.124837,-123.182369,Chromium
AWBREY LANE,44.124837,-123.182369,Copper
FORMER CLOVER FOUNDRY,43.22934,-86.26303,Arsenic
FORMER CLOVER FOUNDRY,43.22934,-86.26303,Chromium
ARGOS SITE,33.392946,-91.0195,Copper
ADVANCE ELECTRIC,42.10225,-84.24458,Arsenic
ADVANCE ELECTRIC,42.10225,-84.24458,Copper
ADVANCE ELECTRIC,42.10225,-84.24458,Zinc
KAVANAUGH PROPERTY,41.355484,-88.836306,Arsenic
FORMER REGIONS BANK FIVE POINTS WEST,33.49712,-86.87634,Chromium
CRAWFORD FIRE HALL,42.685706,-103.412936,Arsenic
114 S. WASHINGTON STREET,40.24215,-75.6427,Arsenic
FORMER WILLIAMSON POLISHING AND PLATING PROPERTY,39.79266,-86.135404,Copper
FORMER WILLIAMSON POLISHING AND PLATING PROPERTY,39.79266,-86.135404,Nickel
FORMER WILLIAMSON POLISHING AND PLATING PROPERTY,39.79266,-86.135404,Tin
FORMER WILLIAMSON POLISHING AND PLATING PROPERTY,39.79266,-86.135404,Zinc
YOUTH & FAMILY OUTREACH,43.658149,-70.261167,Arsenic
219 BARNES ST.,35.723635,-77.910878,Tin
320 BROAD STREET,41.36767,-82.10463,Tin
306 BROAD STREET,41.36766,-82.10439,Tin
HEDC CENTER FOR URBAN ENTERPRISE INCUBATOR,39.07771,-94.59767,Arsenic
111 EAST AVENUE PROPERTY,41.36712,-82.10394,Tin
121 EAST AVENUE PROPERTY,41.36677,-82.10395,Tin
117 & 119 EAST AVE,41.36695,-82.10395,Tin
LITHONIA MASON LODGE,33.71207,-84.10529,Aluminum
FARM SERVICE CENTER,40.71462,-84.34908,Arsenic
FARM SERVICE CENTER,40.71462,-84.34908,Cobalt
FORMER JPS CARTER FABRICS PLANT,36.698206,-78.882415,Arsenic
FORMER JPS CARTER FABRICS PLANT,36.698206,-78.882415,Cobalt
COOKSON POTTERY,39.80484,-82.07206,Arsenic
COOKSON POTTERY,39.80484,-82.07206,Cobalt
500 BLOCK OF WASHINGTON,33.41081,-91.05967,Arsenic
449 SARGENT CREEK ROAD,57.71432,-152.57934,Arsenic
10939 AND 11003 BELLS FLATS ROAD,57.705935,-152.579868,Arsenic
JUMPS FOOD BARN,42.111486,-96.36585,Arsenic
REDBUT PATH - WOODLAWN TO E. 159TH ST.,37.715786,-97.164436,Arsenic
FORMER SARGENT TRUCKING COMPANY,32.778398,-91.910352,Chromium
COLLETON COUNTY DOWNTOWN PROPERTIES,32.904351,-80.667436,Arsenic
CITY AUTO SALES,40.134325,-111.619062,Aluminum
GOLDFINCH MECHANIC,39.696361,-95.639015,Arsenic
GOLDFINCH MECHANIC,39.696361,-95.639015,Cobalt
GOLDFINCH MECHANIC,39.696361,-95.639015,Manganese
GOLDFINCH MECHANIC,39.696361,-95.639015,Vanadium
PELLET TERMINAL,41.46963,-82.18269,Beryllium
PELLET TERMINAL,41.46963,-82.18269,Magnesium
FORMER ARNOLD BUILDING,46.97531,-123.88654,Chromium
MOSER INDOOR AGRICULTURE SITE,36.068911,-115.003298,Aluminum
MOSER FLEET SERVICES,36.06918,-115.00271,Aluminum
LAUNA DRIVE RENTAL,38.49353,-107.89768,Nickel
FORMER STATE CORRECTION FACILITY,28.44665,-80.78378,Arsenic
LITTLE RIVER OIL & GAS,36.08584,-78.31247,Arsenic
309 MILL STREET,39.21511,-121.064795,Arsenic
CORCORAN UNIFIED SCHOOL DISTRICT,36.095589,-119.572743,Arsenic
"TAYLOR YARD PARCEL G-2, AREA A",34.095152,-118.235382,Arsenic
GENERAL CARBIDE CORPORATION SITE,40.286209,-79.569798,Tungsten
343 NE 1ST AVE,29.19042,-82.13599,Arsenic
343 NE 1ST AVE,29.19042,-82.13599,Chromium
DOWNTOWN RIVERWALK WEST SECTION - SITE 1,43.426782,-88.183388,Aluminum
DOWNTOWN RIVERWALK WEST SECTION - SITE 8,43.440341,-88.186191,Tin
FORMER MCDONALDS DECORATING &AMP; DESIGN CENTER,42.21673,-85.90328,Arsenic
FORMER MCDONALDS DECORATING &AMP; DESIGN CENTER,42.21673,-85.90328,Chromium
FORMER MCDONALDS DECORATING &AMP; DESIGN CENTER,42.21673,-85.90328,Zinc
CAVIS GRILL,42.97585,-82.4233,Tin
303 SOUTH WALNUT STREET,40.002,-85.38491,Arsenic
BUTLER PROPERTY,42.37254,-122.91959,Arsenic
ROGUE VALLEY BIN PROPERTY,42.376421,-122.923498,Antimony
ROGUE VALLEY BIN PROPERTY,42.376421,-122.923498,Zinc
BUDGE-MCHUGH PROPERTY,42.327591,-122.876973,Chromium
"BRIDGEPORT BRASS, UNIT #08",41.19334,-73.19042,Copper
"BRIDGEPORT BRASS, UNIT #08",41.19334,-73.19042,Copper
"BRIDGEPORT BRASS, UNIT #08",41.19334,-73.19042,Copper
"BRIDGEPORT BRASS, UNIT #08",41.19334,-73.19042,Copper
JPS MARINA - COMMERCE STREET,43.750522,-87.718358,Graphite
FOCUS POINTS FAMILY RESOURCE CENTER,39.78375,-104.957,Arsenic
CITY MARINA PROPERTY,26.7936,-81.2946,Arsenic
CITY MARINA PROPERTY,26.7936,-81.2946,Chromium
SITE A,36.03616,-114.98653,Magnesium
SUN'AQ VACANT LAND,57.80067,-152.37844,Arsenic
SUN'AQ VACANT LAND,57.80067,-152.37844,Chromium
SPECIALITY CHEMICAL PRODUCTS,47.369722,-120.137778,Silicon
ABRAMS TRUST- FIARA OF MOORE HAVEN,26.835413,-81.090209,Arsenic
ABRAMS TRUST- FIARA OF MOORE HAVEN,26.835413,-81.090209,Chromium
PALO ALTO BATTLEFIELD NATIONAL HISTORICAL PARK,26.00434,-97.481313,Arsenic
AUST SITE 2 - GEM CITY,37.046842,-80.770861,Arsenic
MCCARTHY PROPERTY,37.046802,-80.778072,Arsenic
GENERAL CARBIDE CORP,40.286209,-79.569798,Tungsten
BARON DRAWN STEEL,41.65546,-83.58467,Aluminum
THE FARM,31.560004,-106.259187,Arsenic
KATHY O MOBILE HOME PARK,61.186646,-149.89796,Copper
MOSHER AUTO REPAIR PROPERTY,45.37442,-87.95192,Arsenic
FAYETTE COTTON MILL,33.677428,-87.820433,Aluminum
FAYETTE COTTON MILL,33.677428,-87.820433,Arsenic
LAFAYETTE PAPERBOARD,40.4139,-86.8987,Antimony
LAFAYETTE PAPERBOARD,40.4139,-86.8987,Arsenic
LAFAYETTE PAPERBOARD,40.4139,-86.8987,Chromium
TAX PARCEL 4111,36.69771,-78.90007,Arsenic
TAX PARCEL 4111,36.69771,-78.90007,Vanadium
"709, 709.5, 717, 719 NORTH CLINTON STREET AND 205 AND 207 AUSTIN AVENUE",42.250592,-84.754912,Arsenic
LYMAN MILLS #2,34.94573,-82.12679,Arsenic
LYMAN MILLS #2,34.94573,-82.12679,Copper
LYMAN MILLS #2,34.94573,-82.12679,Magnesium
LYMAN MILLS #2,34.94573,-82.12679,Nickel
LATHROP WELLS PARCEL -06,36.642395,-116.39463,Arsenic
4133 GERALDINE,38.68261,-90.2531,Arsenic
LES INC. - EVANS STREET,26.04513,-80.1659,Arsenic
1020 SE FEDERAL HWY SITE,27.188298,-80.248788,Arsenic
FORMER TERRY'S BP,44.839064,-123.008224,Chromium
502 NIAGARA STREET,43.08851,-79.05658,Tin
INTERNATIONAL RESCUE COMMITTEE,33.50962,-112.09428,Arsenic
FORMER VIDEO DOCK,43.84415,-82.6537,Tin
TRUCK ONE DROSS SITE,40.061695,-82.397865,Aluminum
SIERRA TERRACE,39.223643,-121.054852,Arsenic
BITTON,39.223197,-121.054009,Arsenic
530 FREEMAN LANE,39.207835,-121.068501,Arsenic
530 FREEMAN LANE,39.207835,-121.068501,Cobalt
EMPIRE MEADOWS,39.203227,-121.057792,Arsenic
WARDWELL'S ANTIQUES &AMP; FURNITURE,44.544993,-70.546025,Tin
BERRIMAN RANCH,39.195099,-121.056141,Arsenic
"FORMER BEAR RIVER MILL, EAST",39.187785,-121.048431,Arsenic
FORMER WASKEY'S CLEANERS SITE,36.69852,-78.89932,Arsenic
216 ELM STREET,42.68571,-103.41263,Arsenic
SIMONDS INTERNATIONAL,40.26585,-81.60815,Arsenic
SIMONDS INTERNATIONAL,40.26585,-81.60815,Chromium
BRYTF0024,33.970769,-96.413097,Arsenic
UACDC - CULTURAL CENTER SITE,28.070371,-82.437152,Arsenic
MCNALLY PITT,39.11482,-82.52791,Chromium
FORMER RITSCH'S DRY CLEANERS,37.779642,-79.990486,Arsenic
FORMER RITSCH'S DRY CLEANERS,37.779642,-79.990486,Cobalt
FORMER RITSCH'S DRY CLEANERS,37.779642,-79.990486,Manganese
34 NORTH MAIN ROSEVILLE,39.80467,-82.07277,Tin
VINTON HOTEL SITE,37.276695,-79.899917,Manganese
CORVALLIS AUCTION YARD,44.540836,-123.266302,Copper
136-ACRE CITY PROPERTY,36.073967,-114.99151,Arsenic
136-ACRE CITY PROPERTY,36.073967,-114.99151,Cobalt
JW CITY CAR COMPANY,39.93948,-82.015799,Tin
FORMER ELECTRIC SUBSTATION,36.68668,-79.87142,Arsenic
OPRD SHOOTING RANGE,44.517906,-124.07146,Arsenic
OPRD SHOOTING RANGE,44.517906,-124.07146,Chromium
OPRD SHOOTING RANGE,44.517906,-124.07146,Copper
DRIGGS DAIRY (NORTH),41.661521,-83.571599,Arsenic
DRIGGS DAIRY (NORTH),41.661521,-83.571599,Chromium
PIN 1118454018,41.294758,-92.671806,Arsenic
PIN 1024220010,41.291363,-92.661055,Arsenic
1456 N. SUMMIT,41.660249,-83.518388,Arsenic
TRADITION LEATHER,43.06282,-74.34398,Arsenic
TRADITION LEATHER,43.06282,-74.34398,Chromium
TRADITION LEATHER,43.06282,-74.34398,Copper
SPOKANE ROOFING,47.657252,-117.408628,Aluminum
HEALING ROOMS MINISTRIES,47.656603,-117.409293,Arsenic
HEALING ROOMS MINISTRIES,47.655615,-117.408977,Arsenic
CARE COMMUNITY LAWTON,42.16675,-85.85447,Chromium
FORMER EVER CORPORATION BUILDING,35.644076,-91.252358,Aluminum
TANNER PARK,26.664155,-80.712995,Arsenic
NE 3RD AND WALNUT,35.470679,-97.508769,Arsenic
300 N FIR STREET,42.32803,-122.87669,Arsenic
RIVIERA BEACH - MARINA VILLAGE,26.773137,-80.054301,Antimony
RIVIERA BEACH - MARINA VILLAGE,26.773137,-80.054301,Arsenic
GARDEN PLOT TESTING SITE,40.81812,-96.71808,Arsenic
FORMER BRICK PLANT,41.2936,-92.6281,Arsenic
OLD LIME PROCESSING PLANT,41.076842,-79.98544,Cesium
OLD SAW SHOP,38.090949,-92.293089,Arsenic
SOUTH BAY PROPOSED COMPENSATORY FLOODPLAIN SITE,26.666633,-80.713037,Arsenic
WATER TOWER SITE NO.1,43.488868,-112.045632,Arsenic
FORMER STANADYNE FACILITY,35.564252,-77.077956,Aluminum
SALGADO PROPERTY,42.49122,-89.041401,Arsenic
4 VACANT PARCELS - 3000 DOVE & 32ND ST.,42.950299,-82.458751,Copper
PELZER RIVERFRONT,34.65522,-82.45865,Arsenic
1079 EAGON STREET,41.03198,-81.57933,Aluminum
685-689 1ST STREET,43.497253,-112.019662,Arsenic
BROOKS FAMILY,44.04509,-123.04378,Arsenic
MOTOR POOL,44.04484,-123.04498,Arsenic
SCHERER PROPERTY,44.047287,-123.016464,Chromium
OLD MATANUSKA TOWNSITE,61.541281,-149.227641,Copper
MCCTF0115,33.88088,-94.79428,Arsenic
MCCTF0115,33.88088,-94.79428,Chromium
POINCIANA TOD PARCEL,25.840357,-80.234199,Arsenic
POTENTIAL PARK SITE NW 22ND AVE & 76TH STREET,25.84397,-80.23358,Arsenic
MINK CREEK,61.38978,-149.47909,Arsenic
MINK CREEK,61.38978,-149.47909,Manganese
MINK CREEK,61.38978,-149.47909,Nickel
COPPER RIVER SITE,36.896897,-94.828241,Copper
RAILROAD PROPERTY,41.083654,-85.148876,Arsenic
RAILROAD PROPERTY,41.083654,-85.148876,Chromium
ATLANTA UTILITY WORKS,33.674908,-84.437988,Copper
FORMER SIMMONS PLATING WORKS,33.745248,-84.401382,Chromium
FORMER SIMMONS PLATING WORKS,33.745248,-84.401382,Nickel
FORMER SIMMONS PLATING WORKS,33.745248,-84.401382,Zinc
112 EAST MAIN STREET,42.711491,-85.464577,Tin
497 SOUTH KEARNEY AVENUE,43.58138,-119.06642,Arsenic
LIVING BY THE WORD CHRISTIAN FELOWSHIP,26.84436,-80.64395,Arsenic
LOCUST AVENUE NORTH PARCEL,39.735255,-80.066264,Arsenic
LOCUST AVENUE NORTH PARCEL,39.735255,-80.066264,Chromium
101 WEST DUKE STREET,35.30229,-78.61653,Arsenic
101 WEST DUKE STREET,35.30229,-78.61653,Chromium
LAWEN STORE,43.44927,-118.80142,Arsenic
GARFIELD ON THE CORNER,33.45704,-112.05434,Arsenic
"IRREGULAR SHAPED AREA BOUNDED BY OLIVE ST TO THE NORTH, N. JEFFERSON TO THE WEST",38.630074,-90.210535,Arsenic
1317 NORTH E STREET,41.30745,-92.65063,Arsenic
BLOCK 69 LOTS 1-12 AND 19-24,34.75981,-87.70079,Aluminum
RAILROAD FREIGHT DEPOT (FORMER),33.399217,-86.951879,Arsenic
"214, 218, 220, 222 SOUTH PEARL STREET",42.243382,-84.757946,Arsenic
"214, 218, 220, 222 SOUTH PEARL STREET",42.243382,-84.757946,Chromium
"214, 218, 220, 222 SOUTH PEARL STREET",42.243382,-84.757946,Zinc
1-7 SOUTH STATE ST,41.725998,-81.240978,Chromium
1-7 SOUTH STATE ST,41.725998,-81.240978,Tin
15 SOUTH ST CLAIR,41.725257,-81.242206,Chromium
25 SOUTH ST CLAIR STREET,41.725113,-81.241715,Chromium
20-36 SOUTH STATE STREET,41.72564,-81.24094,Chromium
54 NORTH STATE STREET,41.72698,-81.24186,Chromium
54 NORTH STATE STREET,41.72698,-81.24186,Tin
216 EAST MAIN STREET,41.72624,-81.24081,Chromium
ADVANTAGE WIRE AND MACHINE,39.637244,-85.141706,Chromium
FORMER STEARNS AND FOSTER OFFICE,39.224487,-84.452209,Tin
119 WEST MICHIGAN AVENUE,42.32249,-85.185545,Arsenic
FAIRGROUNDS VALLEY,42.280201,-89.101945,Arsenic
CLUSTER 3 - SITE 3 (22000 & 2500 TORRENCE AVE.,41.49052,-87.55804,Manganese
FORMER AAA CYCLE SERVICE,39.84056,-86.02661,Arsenic
249 NORTH CENTER STREET,43.73403,-83.45041,Arsenic
207 AND 211 UPTON AVENUE,42.317872,-85.200179,Arsenic
207 AND 211 UPTON AVENUE,42.317872,-85.200179,Zinc
1000 WEST TERRITORIAL ROAD,42.30473,-85.21922,Arsenic
907 VERONA ROAD,42.274922,-84.973787,Arsenic
108 NORTH FOUNTAIN STREET,42.272889,-84.976548,Arsenic
108 NORTH FOUNTAIN STREET,42.272889,-84.976548,Copper
309 AND 311 WEST MICHIGAN AVENUE,42.324623,-85.19322,Arsenic
309 AND 311 WEST MICHIGAN AVENUE,42.324623,-85.19322,Zinc
3 SQUIRES STREET,42.5902,-76.18634,Nickel
REST MINISTRY,38.692617,-90.278892,Arsenic
RED SHIRT MILL,48.35072,-120.1013,Arsenic
RED SHIRT MILL,48.35072,-120.1013,Copper
RED SHIRT MILL,48.35072,-120.1013,Zinc
CLUSTER #6,18.426074,-66.048117,Manganese
302 TIN STREET,36.029035,-114.981219,Tin
18 HOWLEY STREET,42.524,-70.91892,Antimony
18 HOWLEY STREET,42.524,-70.91892,Arsenic
18 HOWLEY STREET,42.524,-70.91892,Chromium
INCREDIPLEX (FORMER EDGCOMB METALS),39.86611,-85.97273,Aluminum
UACDC - 127TH AVENUE PARCEL,28.062078,-82.437593,Arsenic
LAKE MEAD,36.085452,-114.920524,Magnesium
5655 PROCYON,36.08739,-115.18771,Arsenic
"317, 321 & 323 NORTH QUEEN STREET",35.263196,-77.580757,Arsenic
"317, 321 & 323 NORTH QUEEN STREET",35.263196,-77.580757,Chromium
NEW BETHEL CHURCH BTA,39.12327,-94.62887,Arsenic
40 ACRES IN THE GRAYLING INDUSTRIAL PARK,44.64824,-84.69858,Chromium
OLD CITY HALL AND FIRE DEPARTMENT,38.749212,-90.33474,Arsenic
OLD CITY HALL AND FIRE DEPARTMENT,38.749212,-90.33474,Chromium
KIRKSVILLE INDUSTRIAL PARK,40.22434,-92.59218,Arsenic
CURNOW CHEVROLET BUILDING SITE,39.75389,-94.23073,Arsenic
2501 NORTH WASHINGTON STREET,40.51101,-86.134203,Arsenic
2501 NORTH WASHINGTON STREET,40.51101,-86.134203,Chromium
HARRISONVILLE OLD ELECTRIC & WATER FACILITY,38.6591,-94.34857,Arsenic
PONY X-PRESS PRINTING,41.13644,-104.81426,Arsenic
RS ELECTRIC - 1420 SOUTH 6TH,39.754139,-94.853134,Arsenic
"ADVANTAGE METALS RECYCLING, LLC ST. JOSEPH YARD",39.760141,-94.855444,Arsenic
CROW CREEK OLD MUFFLER FACTORY,44.07519,-99.44365,Manganese
"					KASKA SILT DAM SITE	",40.72043,-76.117855,Arsenic
"					KASKA SILT DAM SITE	",40.72043,-76.117855,Vanadium
201 SANFORD AVENUE,28.81076,-81.26497,Arsenic
COZAD BALL COMPLEX,40.872412,-99.986339,Arsenic
COZAD BALL COMPLEX,40.872412,-99.986339,Chromium
WESTGATE CRA - CHICKAMAUGA REDEVELOPMENT SITE,26.705537,-80.094193,Arsenic
1225 G ST.,31.347083,-109.554156,Arsenic
1 HILLCREST DRIVE,31.42131,-109.88467,Copper
111 SOUTH DIVISION LLC,47.535689,-116.235202,Antimony
111 SOUTH DIVISION LLC,47.535689,-116.235202,Arsenic
111 SOUTH DIVISION LLC,47.535689,-116.235202,Copper
111 SOUTH DIVISION LLC,47.535689,-116.235202,Zinc
CITATION CORPORATION,41.428526,-84.893637,Aluminum
FRY BUILDING PROPERTY,31.56083,-91.40265,Arsenic
15 MILE AND SOUTH GRATIOT PROPERTY,42.554882,-82.9003,Chromium
SOUTHVIEW GOLF COURSE,38.83911,-94.52878,Arsenic
132-134 EAST MAIN STREET,42.451453,-84.179156,Chromium
EDEN PARK PROJECT,42.26195,-83.15848,Arsenic
EDEN PARK PROJECT,42.26195,-83.15848,Chromium
FORMER HAWORTH PROPERTY,42.639619,-86.211278,Zinc
421 ARNDT STREET,44.51329,-88.02489,Tin
EDCO,40.7305,-84.08847,Arsenic
RED BALL RECYCLING,38.298888,-85.777864,Arsenic
"COMPLETE AUTO TRANSIT, INC",32.33463,-90.19699,Fluorine
UNITED PRODUCTS SITE,42.73993,-87.80025,Arsenic
HITEMAN LEATHER CO.,42.883371,-75.195402,Chromium
NEW BAPTIST CHURCH PROPERTY,38.401227,-82.497895,Arsenic
