name,facility_a,Latitude,longitude,Manufacturing_Products,associated_product_type
"MASTER WOODCRAFT, INC.","1312 COLLEGE STREET, OXFORD, NC, 27565",-2.383,-78.343,MAGNETIC PRODUCTS,MAGNETS
READE ADVANCED MATERIALS,"850 WATERMAN AVENUE, EAST PROVIDENCE, RI, 02914",4.067,-74.483,ALLOY,ALLOYS
READE ADVANCED MATERIALS,"850 WATERMAN AVENUE, EAST PROVIDENCE, RI, 02914",4.067,-74.483,MAGNETIC,MAGNETS
BERGQUIST IMPORTS,"1412 MN 33 SOUTH, CLOQUET, MN, 55720",6.776,-89.213,MAGNETS,MAGNETS
IT TAKES TWO,"100 MINNESOTA AVENUE, LE SUEUR, MN, 56058",4.472,-90.095,MAGNETIC LIST PADS,MAGNETS
"MAGNA-TEL, INC.","775 SOUTH KINGSHIGHWAY, CAPE GIRARDEAU, MO, 63703",-2.551,-86.657,MAGNETIC ADVERTISING SPECIALTIES,MAGNETS
"GEMINI INDUSTRIES, INC.","1 GEMINI INDUSTRIAL DRIVE, ROXANA, IL, 62084",-1.032,-87.128,MAGNETS,MAGNETS
"MONARCH PRESS, THE","9353 LEE ROAD, JACKSON, MI, 49201",2.755,-83.32,MAGNETS,MAGNETS
"WEST BANK CREATIVE, INC.","20 POPLAR AVENUE, LITTLE FERRY, NJ, 07643",2.698,-76.061,INCLUDING MAGNETS,MAGNETS
"ESSEX GROUP, INC.","1299 EAST ESSEX ROAD, VINCENNES, IN, 47591",-1.1,-85.252,MAGNET WIRE,MAGNETS
"REA MAGNET WIRE CO., INC.","2800 CONCORD ROAD, LAFAYETTE, IN, 47909",0.719,-84.949,MAGNET WIRE,MAGNETS
"REA MAGNET WIRE CO., INC.","2131 SOUTH COLISEUM BOULEVARD, FORT WAYNE, IN, 46803",1.537,-83.769,MAGNET WIRE,MAGNETS
"SUMITOMO ELECTRIC WINTEC AMERICA, INC.","909 INDUSTRIAL DRIVE, EDMONTON, KY, 42129",-2.56,-83.672,COPPER-BASED MAGNET WIRE,MAGNETS
FEMCO MAGNET WIRE CORP.,"1900 EARLYWOOD DRIVE, FRANKLIN, IN, 46131",-0.085,-84.291,MAGNET WIRE,MAGNETS
"EDGE TECHNOLOGIES, INC.","2500 NORTH LOOP DRIVE, AMES, IA, 50010",2.028,-89.841,MAGNETOSTRICTIVE ALLOYS,ALLOYS
ALCONEX SPECIALTY PRODUCTS,"4204 WEST FERGUSON ROAD, FORT WAYNE, IN, 46809",1.451,-83.832,MAGNET WIRE,MAGNETS
GEORATOR CORP.,"9617 CENTER STREET, MANASSAS, VA, 20110",0.135,-78.019,MOTOR GENERATOR SETS,MOTORS
GEORATOR CORP.,"9617 CENTER STREET, MANASSAS, VA, 20110",0.135,-78.019,PERMANENT MAGNET ALTERNATORS,MAGNETS
DOUGLAS MFG. CORP.,"1530 PINE AVENUE, CRETE, NE, 68333",0.632,-92.176,MAGNETIC TAPE,MAGNETS
"HOLM INDUSTRIES, INC.","745 SOUTH GARDNER STREET, SCOTTSBURG, IN, 47170",-0.902,-83.988,MAGNETIC,MAGNETS
"TAYLOR CABLE PRODUCTS, INC.","301 HIGH GROVE ROAD, GRANDVIEW, MO, 64030",-1.107,-90.422,PERFORMANCE BATTERY CABLE,BATTERIES
"TAYLOR CABLE PRODUCTS, INC.","301 HIGH GROVE ROAD, GRANDVIEW, MO, 64030",-1.107,-90.422,VERTEX MAGNETOS,MAGNETS
IWG HIGH PERFORMANCE CONDUCTORS,"13230 NORTH MAIN STREET, TRENTON, GA, 30752",-4.655,-83.341,MAGNET WIRE,MAGNETS
STAMCO TECHNOLOGY GROUP,"4020 NORTH TRIPP AVENUE, CHICAGO, IL, 60641",2.227,-85.716,MAGNETIC PRODUCTS,MAGNETS
"EDC BIOSYSTEMS, INC.","1804 MCCARTHY BOULEVARD, MILPITAS, CA, 95035",0.146,-110.013,ACOUSTIC LIQUID DISPENSING EQUIPMENT FOR THE MAGNETIC DISC RECORDING,MAGNETS
"EDC BIOSYSTEMS, INC.","1804 MCCARTHY BOULEVARD, MILPITAS, CA, 95035",0.146,-110.013,SEMICONDUCTOR INDUSTRIES,SEMICONDUCTORS
"PRECISION MOLDING, INC.","5500 ROBERTS MATTHEWS HIGHWAY, SPARTA, TN, 38583",-3.508,-83.482,MAGNET,MAGNETS
"KURZ-KASCH, INC.","2271 ARBOR BOULEVARD, DAYTON, OH, 45439",0.273,-82.989,ELECTROMAGNETIC PRODUCTS,MAGNETS
BELTSVILLE PLASTIC PRODUCTS,"12336 CONWAY ROAD, BELTSVILLE, MD, 20705",0.523,-77.653,MAGNETIC BACK,MAGNETS
"PLASTICARDS, INC., RAINBOW PRINTING DIV.","3711 BOETTLER OAKS DRIVE, UNIONTOWN, OH, 44685",1.786,-81.219,PROMOTIONAL MAGNETS,MAGNETS
GEORATOR CORP.,"9617 CENTER STREET, MANASSAS, VA, 20110",0.135,-78.019,AC FREQUENCY CONVERTERS,CONVERTERS
STIMPLE & WARD CO.,"3400 BABCOCK BOULEVARD, PITTSBURGH, PA, 15237",1.537,-80.135,MAGNET WIRE,MAGNETS
"DYCO ELECTRONICS, INC.","7775 INDUSTRIAL PARK ROAD, HORNELL, NY, 14843",3.636,-78.855,TRANSFORMERS,TRANSFORMERS
"DYCO ELECTRONICS, INC.","7775 INDUSTRIAL PARK ROAD, HORNELL, NY, 14843",3.636,-78.855,MAGNETIC COMPONENTS,MAGNETS
GOWANDA ELECTRONICS CORP.,"1 MAGNETICS PARKWAY, GOWANDA, NY, 14070",3.554,-79.717,MAGNETIC COMPONENTS,MAGNETS
"SOUTH HAVEN COIL, INC.","5585 BLUE STAR MEMORIAL HIGHWAY, SOUTH HAVEN, MI, 49090",2.772,-84.734,MAGNETS,MAGNETS
"XFMRS, INC.","7570 EAST LANDERSDALE ROAD, CAMBY, IN, 46113",-0.005,-84.461,TRANSFORMERS,TRANSFORMERS
"XFMRS, INC.","7570 EAST LANDERSDALE ROAD, CAMBY, IN, 46113",-0.005,-84.461,AC/DC CONVERTERS,CONVERTERS
"XFMRS, INC.","7570 EAST LANDERSDALE ROAD, CAMBY, IN, 46113",-0.005,-84.461,MAGNETIC COMPONENTS,MAGNETS
"CONTROL TRANSFORMER, INC.","3701 WARREN MEADVILLE ROAD, CORTLAND, OH, 44410",2.222,-80.76,MAGNETIC,MAGNETS
"CONTROL TRANSFORMER, INC.","3701 WARREN MEADVILLE ROAD, CORTLAND, OH, 44410",2.222,-80.76,WATER COOLED TRANSFORMERS,TRANSFORMERS
"FOREST ELECTRIC CO., THE","1301 ARMITAGE AVENUE, MELROSE PARK, IL, 60160",2.181,-85.791,OTHER MAGNETIC COMPONENTS,MAGNETS
PHILIPS LIGHTING ELECTRONICS (H Q),"10275 WEST HIGGINS ROAD, ROSEMONT, IL, 60018",2.261,-85.823,ELECTROMAGNETIC,MAGNETS
PHILIPS LIGHTING ELECTRONICS (H Q),"10275 WEST HIGGINS ROAD, ROSEMONT, IL, 60018",2.261,-85.823,ELECTRONIC BALLASTS (MFG. DONE OVERSEAS),ELECTRONICS
"MAGNETIC COMPONENTS, INC.","9520 AINSLIE STREET, SCHILLER PARK, IL, 60176",2.233,-85.808,TRANSFORMERS,TRANSFORMERS
"MAGNETIC COMPONENTS, INC.","9520 AINSLIE STREET, SCHILLER PARK, IL, 60176",2.233,-85.808,SWITCHER MAGNETICS,MAGNETS
"SOUTH HAVEN COIL, INC.","5585 BLUE STAR MEMORIAL HIGHWAY, SOUTH HAVEN, MI, 49090",2.772,-84.734,ELECTRONIC COILS,ELECTRONICS
JACKSON TRANSFORMER CO.,"4709 WEST CAYUGA STREET, TAMPA, FL, 33614",-11.115,-79.924,MAGNETIC PRODUCTS,MAGNETS
AMERICAN MAGNETICS CORP.,"512 SOUTH JACKSON STREET, CARTERVILLE, IL, 62918",-2.054,-86.33,TRANSFORMERS,TRANSFORMERS
AMERICAN MAGNETICS CORP.,"512 SOUTH JACKSON STREET, CARTERVILLE, IL, 62918",-2.054,-86.33,MAGNETIC DEVICES,MAGNETS
"SNC MFG. CO., INC.","101 WEST WAUKAU AVENUE, OSHKOSH, WI, 54902",4.209,-86.44,ELECTRICAL TRANSFORMERS,TRANSFORMERS
"SNC MFG. CO., INC.","101 WEST WAUKAU AVENUE, OSHKOSH, WI, 54902",4.209,-86.44,HIGH-FREQUENCY MAGNETICS,MAGNETS
"FOREST ELECTRIC CO., THE","1301 ARMITAGE AVENUE, MELROSE PARK, IL, 60160",2.181,-85.791,ELECTRONIC TRANSFORMERS,ELECTRONICS
"QUEST INTEGRATED, INC.","1012 CENTRAL AVENUE SOUTH, KENT, WA, 98032",9.193,-107.875,MAGNETIC IMAGING INSPECTION EQUIPMENT,MAGNETS
ELECTRONIC DATA DEVICES,"840 OXFORD DRIVE, ODESSA, TX, 79764",-7.794,-96.73,ELECTRONIC TOTALIZERS,ELECTRONICS
ELECTRONIC DATA DEVICES,"840 OXFORD DRIVE, ODESSA, TX, 79764",-7.794,-96.73,MAGNETIC PICKUPS,MAGNETS
"ORION INSTRUMENTS, LLC","6646 COMPLEX DRIVE, BATON ROUGE, LA, 70809",-9.541,-87.409,MAGNETIC LEVEL INDICATORS,MAGNETS
TYCO VALVES & CONTROLS,"320 LOCUST STREET, PROPHETSTOWN, IL, 61277",1.821,-87.236,ELECTRONIC LEVEL INDICATORS,ELECTRONICS
TYCO VALVES & CONTROLS,"320 LOCUST STREET, PROPHETSTOWN, IL, 61277",1.821,-87.236,MAGNETIC GAGES,MAGNETS
REED SWITCH DEVELOPMENTS CORP.,"2524 NORWOOD COURT, RACINE, WI, 53403",2.954,-85.833,STANDARD MAGNETICALLY-ACTIVATED PROXIMITY SWITCHES/SENSORS,MAGNETS
DYNAPAR,"1675 DELANY ROAD, GURNEE, IL, 60031",2.646,-85.872,MAGNETIC,MAGNETS
"BRUSH INDUSTRIES, INC.","301 REAGAN STREET, SUNBURY, PA, 17801",2.291,-77.951,MAGNETIC HEADS,MAGNETS
"GEOMETRICS, INC.","2190 FORTUNE DRIVE, SAN JOSE, CA, 95131",0.14,-109.997,ELECTRONIC GEOPHYSICAL EQUIPMENT,ELECTRONICS
"GEOMETRICS, INC.","2190 FORTUNE DRIVE, SAN JOSE, CA, 95131",0.14,-109.997,MAGNETOMETERS,MAGNETS
"DYNAMIC SCIENCES INTERNATIONAL, INC.","6130 VARIEL AVENUE, WOODLAND HILLS, CA, 91367",-3.38,-108.56,ELECTROMAGNETIC TEST SYSTEMS,MAGNETS
"MIDTRONICS, INC.","7000 MONROE STREET, WILLOWBROOK, IL, 60527",2.02,-85.841,ELECTRONIC BATTERY TESTERS,ELECTRONICS
"MIDTRONICS, INC.","7000 MONROE STREET, WILLOWBROOK, IL, 60527",2.02,-85.841,MAGNETIC PICK UP SENSORS,MAGNETS
"FOERSTER INSTRUMENTS, INC.","140 INDUSTRY DRIVE, PITTSBURGH, PA, 15275",1.439,-80.248,ELECTROMAGNETIC NONDESTRUCTIVE TESTING INSTRUMENTS,MAGNETS
"MAGUIRE PRODUCTS, INC.","11 CROZERVILLE ROAD, ASTON, PA, 19014",1.535,-76.827,MAGNETIC DRAWERS,MAGNETS
"INTERNATIONAL COIL, INC.","15 JONATHAN DRIVE, BROCKTON, MA, 02301",4.35,-74.351,TRANSFORMERS,TRANSFORMERS
"INTERNATIONAL COIL, INC.","15 JONATHAN DRIVE, BROCKTON, MA, 02301",4.35,-74.351,MAGNETICS,MAGNETS
"INTERNATIONAL COIL, INC.","15 JONATHAN DRIVE, BROCKTON, MA, 02301",4.35,-74.351,DC-DC CONVERTERS,CONVERTERS
"HIREL SYSTEMS, LLC","140 CROSBY ROAD, DOVER, NH, 03820",5.444,-74.537,MAGNETIC TRANSFORMERS,MAGNETS
SPANG & CO. (H Q),"110 DELTA DRIVE, PITTSBURGH, PA, 15238",1.517,-80.026,MAGNETIC ELECTRONIC COMPONENTS,ELECTRONICS
GB INTERNATIONAL,"1408 AIRPORT ROAD, ENDICOTT, NY, 13760",3.571,-77.726,CUSTOM TRANSFORMERS,TRANSFORMERS
GB INTERNATIONAL,"1408 AIRPORT ROAD, ENDICOTT, NY, 13760",3.571,-77.726,MAGNETIC COMPONENTS,MAGNETS
"QUALITY COILS, INC.","748 MIDDLE STREET, BRISTOL, CT, 06010",3.649,-75.484,ELECTROMAGNETIC COILS,MAGNETS
"QUALITY COILS, INC.","70 VOLUNTOWN ROAD, PAWCATUCK, CT, 06379",3.593,-74.714,ELECTROMAGNETIC COILS,MAGNETS
"SAG HARBOR INDUSTRIES, INC.","1668 SAG HARBOR TURNPIKE, SAG HARBOR, NY, 11963",3.113,-74.918,CONTRACT MANUFACTURING OF CUSTOM MAGNETIC COMPONENTS,MAGNETS
"SAG HARBOR INDUSTRIES, INC.","1668 SAG HARBOR TURNPIKE, SAG HARBOR, NY, 11963",3.113,-74.918,TRANSFORMERS,TRANSFORMERS
MAGNETIC SENSOR SYSTEMS,"6901 WOODLEY AVENUE, VAN NUYS, CA, 91406",-3.388,-108.48,ELECTROMAGNETS,MAGNETS
MAGNETIC SENSOR SYSTEMS,"6901 WOODLEY AVENUE, VAN NUYS, CA, 91406",-3.388,-108.48,DRIVING ELECTRONICS,ELECTRONICS
PAYNE MAGNETICS CORP.,"854 WEST FRONT STREET, COVINA, CA, 91722",-3.595,-108.098,CUSTOM MAGNETIC PRODUCTS FOR THE AVIONICS,MAGNETS
"BOURNS, INC.","1200 COLUMBIA AVENUE, RIVERSIDE, CA, 92507",-3.786,-107.715,MAGNETIC PRODUCTS,MAGNETS
"BI RA SYSTEMS, INC.","2410 MIDTOWN PLACE NE, ALBUQUERQUE, NM, 87107",-4.3,-99.632,ELECTRONIC EQUIPMENT ASSEMBLY,ELECTRONICS
"BI RA SYSTEMS, INC.","2410 MIDTOWN PLACE NE, ALBUQUERQUE, NM, 87107",-4.3,-99.632,LED LIGHTING,LED
"BI RA SYSTEMS, INC.","2410 MIDTOWN PLACE NE, ALBUQUERQUE, NM, 87107",-4.3,-99.632,BI-POLAR MAGNET SUPPLIES,MAGNETS
ORION ACCESS CONTROL SYSTEMS,"2321 WEST ARKANSAS LANE, PANTEGO, TX, 76013",-7.283,-92.447,ELECTROMAGNETIC LOCKS,MAGNETS
"MATRIX SYSTEMS, INC.","7550 PARAGON ROAD, DAYTON, OH, 45459",0.193,-82.944,MAGNETIC STRIP,MAGNETS
EINSTRUCTION CORP.,"8224 EAST EVANS ROAD, SCOTTSDALE, AZ, 85260",-5.076,-103.835,INCLUDING PEN-BASED ELECTROMAGNETIC-SENSING INPUT DEVICES,MAGNETS
"MAGNA-PLUS, INC.","2828 SOUTH 44TH STREET, KANSAS CITY, KS, 66106",-0.944,-90.526,NOVELTY MAGNETS,MAGNETS
EINSTRUCTION CORP.,"7125 RIVERWOOD DRIVE, COLUMBIA, MD, 21046",0.639,-77.668,INCLUDING PEN-BASED ELECTROMAGNETIC-SENSING INPUT DEVICES,MAGNETS
L-3 COMMUNICATIONS ELECTRON DEVICES,"960 INDUSTRIAL ROAD, SAN CARLOS, CA, 94070",0.303,-110.208,ELECTRONIC BROADCAST PRODUCTS,ELECTRONICS
L-3 COMMUNICATIONS ELECTRON DEVICES,"960 INDUSTRIAL ROAD, SAN CARLOS, CA, 94070",0.303,-110.208,MAGNETRONS,MAGNETS
"S I MANUFACTURING., INC.","1440 SOUTH ALLEC STREET, ANAHEIM, CA, 92805",-3.848,-108.161,CUSTOM MAGNETICS,MAGNETS
IMATION CORP.,"1 IMATION PLACE, OAKDALE, MN, 55128",5.054,-89.471,DISTRIBUTOR OF MAGNETIC,MAGNETS
GRAHAM MAGNETICS,"1715 4TH STREET, GRAHAM, TX, 76450",-6.842,-93.568,MAGNETIC COMPUTER TAPE,MAGNETS
"PHOENIX AMERICA, INC.","4717 CLUBVIEW DRIVE, FORT WAYNE, IN, 46804",1.503,-83.844,MEDICAL MAGNETIC SENSORS,MAGNETS
"PHOENIX AMERICA, INC.","4717 CLUBVIEW DRIVE, FORT WAYNE, IN, 46804",1.503,-83.844,NEO GRADE BONDED MAGNETS,MAGNETS
"ELECTRONIC DATA MAGNETICS, INC.","210 OLD THOMASVILLE ROAD, HIGH POINT, NC, 27260",-2.98,-79.338,MAGNETIC STRIPED PRINTED PRODUCTS,MAGNETS
"HARCO LABORATORIES, INC.","186 CEDAR STREET, BRANFORD, CT, 06405",3.319,-75.34,HIGH SECURITY MAGNETIC SWITCHES,MAGNETS
"MEASUREMENT SPECIALTIES, INC.","1000 LUCAS WAY, HAMPTON, VA, 23666",-1.335,-76.896,MAGNETS,MAGNETS
SYPRIS TEST & MEASUREMENT,"2055 WEST ARMY TRAIL ROAD, ADDISON, IL, 60101",2.186,-85.927,MAGNETIC SEMICONDUCTORS,MAGNETS
"BALLUFF, INC.","8125 HOLTON DRIVE, FLORENCE, KY, 41042",-0.503,-83.173,MAGNETIC SENSORS,MAGNETS
AMETEK DREXELBROOK,"205 KEITH VALLEY ROAD, HORSHAM, PA, 19044",1.902,-76.694,MAGNETORESTRICTIVE,MAGNETS
"ENEFLUX ARMTEK MAGNETICS, INC.","6 PHEASANT RUN, NEWTOWN, PA, 18940",1.953,-76.527,MAGNETIC EQUIPMENT,MAGNETS
"M R RESOURCES, INC.","160 AUTHORITY DRIVE, FITCHBURG, MA, 01420",4.684,-74.995,NUCLEAR MAGNETIC RESONANCE,MAGNETS
"DOTY SCIENTIFIC, INC.","700 CLEMSON ROAD, COLUMBIA, SC, 29229",-4.872,-79.637,NUCLEAR MAGNETIC RESONANCE PROBES,MAGNETS
PIERCE MAGNETICS CORP.,"166 UNIVERSITY PARKWAY, POMONA, CA, 91768",-3.652,-108.04,MAGNETIC TAPE HEADS,MAGNETS
"TVS MFG. SPECIALISTS, INC.","2413 POND BRANCH ROAD, LEESVILLE, SC, 29070",-5.189,-80.02,CUSTOM MAGNETIC COMPONENTS COILS,MAGNETS
"TVS MFG. SPECIALISTS, INC.","2413 POND BRANCH ROAD, LEESVILLE, SC, 29070",-5.189,-80.02,BATTERY CABLES,ELECTRONICS
AIREX CORP.,"15 LILAC LANE, SOMERSWORTH, NH, 03878",5.506,-74.533,ELECTROMAGNETIC SPACE,MAGNETS
FERROTEC (USA) CORPORATION,"33 CONSTITUTION DRIVE, BEDFORD, NH, 03110",5.127,-74.862,MAGNETIC FLUID,MAGNETS
"TECMAG, INC.","10161 HARWIN DRIVE, HOUSTON, TX, 77036",-10.291,-91.175,MAGNETIC RESONANCE EQUIPMENT,MAGNETS
VANGUARD ID SYSTEMS,"1210 AMERICAN BOULEVARD, WEST CHESTER, PA, 19380",1.626,-76.933,MAGNETIC STRIPE,MAGNETS
THERMOTION CORP.,"9330 PROGRESS PARKWAY, MENTOR, OH, 44060",2.545,-81.218,C-FACE MAGNETIC RING ENCODERS,MAGNETS
"METUCHEN CAPACITORS, INC.","2139 NJ 35, HOLMDEL, NJ, 07733",2.259,-76.045,MAGNETICS,MAGNETS
ELECTRONIC COILS,"53 MAINLINE DRIVE, WESTFIELD, MA, 01085",4.119,-75.474,CUSTOM ELECTROMAGNETIC COMPONENTS,MAGNETS
ELECTRONIC COILS,"53 MAINLINE DRIVE, WESTFIELD, MA, 01085",4.119,-75.474,INCLUDING TRANSFORMERS,TRANSFORMERS
XENSOR CORP.,"4000 BRIDGE STREET, DREXEL HILL, PA, 19026",1.612,-76.722,ELECTROMAGNETIC,MAGNETS
"TRI-TECH, LLC","56733 MAGNETIC DRIVE, MISHAWAKA, IN, 46545",2.056,-84.567,ELECTROMAGNETIC ACTUATORS,MAGNETS
WORLD MAGNETICS CO.,"810 HASTINGS STREET, TRAVERSE CITY, MI, 49686",5.173,-84.536,VACUUM SWITCHES,SWITCHES
WORLD MAGNETICS CO.,"810 HASTINGS STREET, TRAVERSE CITY, MI, 49686",5.173,-84.536,MAGNETIC READ,MAGNETS
SUMITOMO ELECTRIC WIRING SYSTEMS (H Q),"1018 ASHLEY STREET, BOWLING GREEN, KY, 42103",-2.661,-84.283,MAGNETIC AUTOMOTIVE WIRE,MAGNETS
STANDEX ELECTRONICS,"4538 CAMBERWELL ROAD, CINCINNATI, OH, 45209",-0.302,-83.058,MAGNETICS,MAGNETS
"HISONIC, INC.","310 NORTH MARION STREET, OLATHE, KS, 66061",-1.112,-90.635,MAGNETIC AIRCRAFT COMPONENTS,AIRCRAFT
"TOROTEL PRODUCTS, INC.","620 NORTH LINDENWOOD DRIVE, OLATHE, KS, 66062",-1.107,-90.6,MAGNETIC ELECTRONIC COMPONENTS,ELECTRONICS
"HERMETIC SWITCH, INC.","3100 NORGE ROAD, CHICKASHA, OK, 73018",-4.954,-93.035,MAGNETICALLY OPERATED REED SWITCHES,MAGNETS
ITC SYSTEMS,"800 FEE FEE ROAD, MARYLAND HEIGHTS, MO, 63043",-1.175,-87.407,MAGNETIC CARD SYSTEMS,MAGNETS
MAGNET SCHULTZ OF AMERICA,"401 PLAZA DRIVE, WESTMONT, IL, 60559",2.071,-85.866,ELECTRO-MAGNETIC DEVICES,MAGNETS
"WARNER ELECTRIC, LLC","802 EAST SHORT STREET, COLUMBIA CITY, IN, 46725",1.588,-84.052,ELECTROMAGNETIC COIL ASSEMBLIES,MAGNETS
AJAX TOCCO MAGNETHERMIC CORP.,"8984 MERIDIAN CIRCLE NW, NORTH CANTON, OH, 44720",1.747,-81.17,ELECTRIC LIFTING MAGNETS,MAGNETS
"MAGNETECH INDUSTRIAL SERVICES, INC.","821 BEV ROAD, BOARDMAN, OH, 44512",1.912,-80.64,INDUSTRIAL ELECTROMAGNETS,MAGNETS
"BEL FUSE, INC. (H Q)","206 VAN VORST STREET, JERSEY CITY, NJ, 07302",2.565,-76.035,TELECOMMUNICATION MAGNETIC,COMMUNICATIONS
"DYKE'S ELECTRIC, INC.","3028 POLE LINE ROAD, POCATELLO, ID, 83201",3.789,-102.624,ELECTRIC MOTORS,MOTORS
"DYKE'S ELECTRIC, INC.","3028 POLE LINE ROAD, POCATELLO, ID, 83201",3.789,-102.624,MAGNETS,MAGNETS
ALGONQUIN INDUSTRIES,"1800 US HIGHWAY 61 SOUTH, OSCEOLA, AR, 72370",-4.173,-86.871,COPPER MAGNET WIRE,MAGNETS
ALGONQUIN INDUSTRIES,"1800 US HIGHWAY 61 SOUTH, OSCEOLA, AR, 72370",-4.173,-86.871,TRANSFORMER LEAD CABLES,ELECTRONICS
"LOR MFG. CO., INC.","7131 WEST DREW ROAD, WEIDMAN, MI, 48893",4.13,-84.006,MAGNETS,MAGNETS
"ESSEX GROUP, INC.","3200 ESSEX DRIVE, FRANKLIN, IN, 46131",-0.082,-84.291,MAGNET WIRE,MAGNETS
"HYPER TECH RESEARCH, INC.","1275 KINNEAR ROAD, COLUMBUS, OH, 43212",0.665,-82.183,CUSTOM MGB2 MAGNET COILS,MAGNETS
HANOVER MFG. CORP.,"10117 LEADBETTER PLACE, ASHLAND, VA, 23005",-0.886,-77.776,MAGNET WIRES,MAGNETS
"ANGSTROM SCIENCES, INC.","40 SOUTH LINDEN STREET, DUQUESNE, PA, 15110",1.397,-79.981,MAGNETRON SPUTTERING CATHODES,MAGNETS
"ADVANCED MICROSENSORS, INC.","333 SOUTH STREET, SHREWSBURY, MA, 01545",4.448,-74.826,THIN FILM MAGNETIC MICROCOMPONENTS,MAGNETS
"ADVANCED MICROSENSORS, INC.","333 SOUTH STREET, SHREWSBURY, MA, 01545",4.448,-74.826,MICROCHIPS,MICROCHIPS
L-3 COMMUNICATIONS ELECTRON DEVICES,"1035 WESTMINSTER DRIVE, WILLIAMSPORT, PA, 17701",2.639,-78.145,MAGNETRONS,MAGNETS
"FISCHER TECHNOLOGY, INC.","750 MARSHALL PHELPS ROAD, WINDSOR, CT, 06095",3.894,-75.388,MAGNETIC INDUCTION,MAGNETS
HONEYWELL SENSING & CONTROL,"1845 57TH STREET, SARASOTA, FL, 34243",-11.707,-79.828,MAGNETIC SENSORS,MAGNETS
QUALITY MAGNETICS CORP.,"1954 EAST GLADWICK STREET, COMPTON, CA, 90220",-3.746,-108.387,DEFENSE MAGNETIC RADAR EQUIPMENT,MAGNETS
SCHONSTEDT INSTRUMENT COMPANY,"100 EDMOND ROAD, KEARNEYSVILLE, WV, 25430",0.67,-78.399,MAGNETIC PIPE,MAGNETS
SCHONSTEDT INSTRUMENT COMPANY,"100 EDMOND ROAD, KEARNEYSVILLE, WV, 25430",0.67,-78.399,CONSTRUCTION CONTRACTORS,CONSTRUCTION
"RITCHIE & SONS, INC., E. S.","243 OAK STREET, PEMBROKE, MA, 02359",4.445,-74.167,MAGNETIC COMPASSES FOR RECREATIONAL,MAGNETS
NVE CORP.,"11409 VALLEY VIEW ROAD, EDEN PRAIRIE, MN, 55344",4.91,-89.781,MAGNETIC SENSORS,MAGNETS
SCI ENGINEERED MATERIALS,"2839 CHARTER STREET, COLUMBUS, OH, 43228",0.667,-82.251,SPUTTERING TARGETS USED TO PRODUCE THIN FILM COATINGS FOR MAGNETIC MEDIA,MAGNETS
SCI ENGINEERED MATERIALS,"2839 CHARTER STREET, COLUMBUS, OH, 43228",0.667,-82.251,SEMICONDUCTORS,SEMICONDUCTORS
"NATIONAL MAGNETICS GROUP, INC.","1210 WIN DRIVE, BETHLEHEM, PA, 18017",2.273,-76.913,PERMANENT MAGNETS,MAGNETS
PLASTI-CARD CORP.,"1820 NE 150TH STREET, NORTH MIAMI, FL, 33181",-12.747,-77.501,MAGNETS,MAGNETS
IDENTITY PLUS,"1120-B HOOVER AVENUE, NATIONAL CITY, CA, 91950",-5.034,-107.872,MAGNETS,MAGNETS
MAGNETIC TICKET & LABEL CORP.,"8719 DIPLOMACY ROW, DALLAS, TX, 75247",-7.18,-92.238,MAGNETIC TICKETS,MAGNETS
"FINN GRAPHICS, INC.","220 STILLE DRIVE, CINCINNATI, OH, 45233",-0.391,-83.214,MAGNETS,MAGNETS
"FESTIVALS & MORE, INC.","200 WESTGATE DRIVE, HOUSTON, MN, 55943",3.852,-88.491,FLEXIBLE MAGNETS,MAGNETS
"DURA MAGNETICS, INC.","5500 SCHULTZ DRIVE, SYLVANIA, OH, 43560",2.307,-82.864,MAGNETS,MAGNETS
"THOMAS & SKINNER, INC.","1120 EAST 23RD STREET, INDIANAPOLIS, IN, 46205",0.188,-84.374,SINTERED PERMANENT MAGNETS,MAGNETS
"THOMAS & SKINNER, INC.","1120 EAST 23RD STREET, INDIANAPOLIS, IN, 46205",0.188,-84.374,TRANSFORMER LAMINATIONS,TRANSFORMERS
"FLEXMAG INDUSTRIES, INC.","107 INDUSTRY ROAD, MARIETTA, OH, 45750",0.281,-80.942,FLEXIBLE PERMANENT MAGNETS,MAGNETS
"FERRONICS, INC.","45 OCONNOR ROAD, FAIRPORT, NY, 14450",4.379,-78.843,CERAMIC MAGNETIC MATERIALS,MAGNETS
ARNOLD MAGNETIC TECHNOLOGIES,"770 LINDEN AVENUE, ROCHESTER, NY, 14625",4.388,-78.877,MAGNETS,MAGNETS
ARNOLD MAGNETIC TECHNOLOGIES,"770 LINDEN AVENUE, ROCHESTER, NY, 14625",4.388,-78.877,PRECISION MAGNETIC ASSEMBLIES,MAGNETS
TARTAN ORTHOPEDICS LTD.,"10651 IRMA DRIVE, NORTHGLENN, CO, 80233",0.205,-97.893,MAGNETIC SUPPORTS,MAGNETS
"ESSEX GROUP, INC.","1601 WALL STREET, FORT WAYNE, IN, 46802",1.534,-83.818,MAGNETIC WIRE,MAGNETS
"GSR MAGNETITE, INC.","8405 AIRLINE HIGHWAY, BATON ROUGE, LA, 70815",-9.466,-87.455,MAGNETIC WINDOW INSULATORS,MAGNETS
"COUNTIS INDUSTRIES, INC.","2670 LOCKHEED WAY, CARSON CITY, NV, 89706",1.361,-108.136,MAGNET MICROWAVE COMPONENTS MATERIALS FOR SPACE,MAGNETS
TDK FERRITES CORP.,"5900 NORTH HARRISON STREET, SHAWNEE, OK, 74804",-4.604,-92.207,PERMANENT CERAMIC MAGNETS,MAGNETS
ARNOLD MAGNETIC TECHNOLOGIES,"1000 EAST EISENHOWER AVENUE, NORFOLK, NE, 68701",2.069,-92.468,FLEXIBLE BONDED MAGNETS,MAGNETS
"SIGNS & SIGNS, INC.","109 PRYOR STREET, MAYFIELD, KY, 42066",-3.043,-85.918,MAGNETICS,MAGNETS
"MCCORKLE SIGN CO., INC.","1214 AVONDALE DRIVE, DURHAM, NC, 27701",-2.745,-78.496,MAGNETIC COMMERCIAL SIGNS,MAGNETS
"DECO-SIGN PRODUCTS, INC.","107 INDUSTRY LANE, FOREST HILL, MD, 21050",1.104,-77.404,MAGNETIC DIE-CUT PRODUCTS,MAGNETS
"FERRIN SIGNS, INC.","945 26TH STREET, WEST PALM BEACH, FL, 33407",-11.932,-77.587,MAGNETIC SIGNS,MAGNETS
MRI DEVICES CORP.,"3545 SW 47TH AVENUE, GAINESVILLE, FL, 32608",-9.504,-80.077,MAGNETIC RESONANCE IMAGING RECEIVER COILS,MAGNETS
INVIVO CORP.,"NORTH 27 WEST 23676 PAUL ROAD, PEWAUKEE, WI, 53072",3.314,-86.149,MAGNETIC RESONANCE IMAGING EQUIPMENT,MAGNETS
GE HEALTHCARE,"3001 WEST RADIO DRIVE, FLORENCE, SC, 29501",-4.656,-78.872,MRI MAGNETS,MAGNETS
"ASPEN MOTION TECHNOLOGIES, INC.","1120 ROCK ROAD, RADFORD, VA, 24141",-1.904,-79.949,INCLUDING MAGNET BRUSHLESS DC,MAGNETS
KANAWHA ELECTRIC & MACHINE CO.,"2971 EAST DUPONT AVENUE, BELLE, WV, 25015",-0.934,-80.789,REMANUFACTURED ELECTRIC MOTORS,MOTORS
KANAWHA ELECTRIC & MACHINE CO.,"2971 EAST DUPONT AVENUE, BELLE, WV, 25015",-0.934,-80.789,INCLUDING MAGNETS,MAGNETS
"EVERSON TESLA, INC.","615 DANIELS ROAD, NAZARETH, PA, 18064",2.362,-76.92,INDUSTRIAL ELECTRIC MOTORS,MOTORS
"EVERSON TESLA, INC.","615 DANIELS ROAD, NAZARETH, PA, 18064",2.362,-76.92,RESISTIVE MAGNETS,MAGNETS
"ELWOOD CORP., GETTYS GROUP","2701 NORTH GREEN BAY ROAD, RACINE, WI, 53404",3.021,-85.846,STEP MOTORS,MOTORS
"MOTOR SPECIALTY, INC.","2801 LATHROP AVENUE, RACINE, WI, 53405",2.966,-85.845,PERMANENT-MAGNET MOTORS,MAGNETS
RAE CORP.,"4615 WEST PRIME PARKWAY, MCHENRY, IL, 60050",2.548,-86.13,CUSTOM DC PERMANENT MAGNET MOTORS,MAGNETS
RAE CORP.,"4615 WEST PRIME PARKWAY, MCHENRY, IL, 60050",2.548,-86.13,GEAR MOTORS,MOTORS
"MAGNETECH INDUSTRIAL SERVICES, INC.","1125 SOUTH WALNUT STREET, SOUTH BEND, IN, 46619",2.037,-84.666,ELECTRIC MOTORS,MOTORS
"MAGNETECH INDUSTRIAL SERVICES, INC.","1125 SOUTH WALNUT STREET, SOUTH BEND, IN, 46619",2.037,-84.666,LIFTING MAGNETS,MAGNETS
"MAGNETECH INDUSTRIAL SERVICES, INC.","1125 SOUTH WALNUT STREET, SOUTH BEND, IN, 46619",2.037,-84.666,EQUIPMENT,EQUIPMENT/IMPLANTS
"ASPEN MOTION TECHNOLOGIES, INC.","1120 ROCK ROAD, RADFORD, VA, 24141",-1.904,-79.949,SMALL ELECTRIC MOTORS,MOTORS
"MICROMO ELECTRONICS, INC.","14881 EVERGREEN AVENUE, CLEARWATER, FL, 33762",-11.219,-80.043,MOTORS,MOTORS
"MICROMO ELECTRONICS, INC.","14881 EVERGREEN AVENUE, CLEARWATER, FL, 33762",-11.219,-80.043,MAGNETIC ENCODERS,MAGNETS
MAMCO CORPORATION,"8630 INDUSTRIAL DRIVE, FRANKSVILLE, WI, 53126",3.034,-85.896,PERMANENT MAGNET,MAGNETS
MAMCO CORPORATION,"8630 INDUSTRIAL DRIVE, FRANKSVILLE, WI, 53126",3.034,-85.896,DC MOTORS,MOTORS
"ELWOOD CORP., GETTYS GROUP","2701 NORTH GREEN BAY ROAD, RACINE, WI, 53404",3.021,-85.846,MAGNETIC,MAGNETS
"CARLSBAD MAGNETICS, INC.","6086 CORTE DEL CEDRO, CARLSBAD, CA, 92011",-4.592,-107.88,ELECTROMAGNETIC MOTORS FOR THE MEDICAL,MAGNETS
DC POWER PRODUCTS,"1501 LAVELLE ROAD, ALAMOGORDO, NM, 88310",-6.559,-99.436,PERMANENT MAGNETIC MOTORS,MAGNETS
"MINNESOTA ELECTRIC TECHNOLOGY, INC.","352 MAIN STREET SOUTH, WINNEBAGO, MN, 56098",3.789,-90.251,PERMANENT-MAGNET DC,MAGNETS
"MINNESOTA ELECTRIC TECHNOLOGY, INC.","352 MAIN STREET SOUTH, WINNEBAGO, MN, 56098",3.789,-90.251,FRACTIONAL-HORSEPOWER MOTORS,MOTORS
MCMILLAN ELECTRIC CO.,"400 BEST ROAD, WOODVILLE, WI, 54028",5.021,-89.024,MAGNET,MAGNETS
MCMILLAN ELECTRIC CO.,"400 BEST ROAD, WOODVILLE, WI, 54028",5.021,-89.024,BRUSHLESS DC MOTORS,MOTORS
"HUGHES PRIMEAU CONTROLS, INC.","261 ALPHA PARK, CLEVELAND, OH, 44143",2.367,-81.294,MAGNETIC COUPLINGS,MAGNETS
DANAHER MOTION,"45 HAZELWOOD DRIVE, AMHERST, NY, 14228",4.131,-79.739,ELECTROMAGNETIC BRAKES,MAGNETS
"PERMACOR, INC.","9540 SOUTH TULLEY AVENUE, OAK LAWN, IL, 60453",1.991,-85.705,FERROUS MAGNETIC CORES,MAGNETS
"CONTROLLED AUTOMATION, INC.","15421 STONY CREEK WAY, NOBLESVILLE, IN, 46060",0.411,-84.303,ELECTROMAGNETS,MAGNETS
DOWLING MAGNETS,"21600 8TH STREET EAST, SONOMA, CA, 95476",1.011,-110.137,MAGNETS,MAGNETS
DOWLING MAGNETS,"21600 8TH STREET EAST, SONOMA, CA, 95476",1.011,-110.137,MAGNETIC TOYS,MAGNETS
"ALPHA MAGNETICS, INC.","1876 SABRE STREET, HAYWARD, CA, 94545",0.414,-110.092,ELECTROMAGNETS,MAGNETS
"KEYTRONICS, INC.","707 NORTH STREET, ENDICOTT, NY, 13760",3.597,-77.701,TRANSFORMERS,TRANSFORMERS
"KEYTRONICS, INC.","707 NORTH STREET, ENDICOTT, NY, 13760",3.597,-77.701,MAGNETIC DEVICES,MAGNETS
"KEYTRONICS, INC.","707 NORTH STREET, ENDICOTT, NY, 13760",3.597,-77.701,ELECTRONIC ASSEMBLIES,ELECTRONICS
"COILS UNLIMITED, INC.","315 GUS HIPP BOULEVARD, ROCKLEDGE, FL, 32955",-10.524,-78.452,ELECTROMAGNETIC DEVICES,MAGNETS
"COILS UNLIMITED, INC.","315 GUS HIPP BOULEVARD, ROCKLEDGE, FL, 32955",-10.524,-78.452,INCLUDING COIL TRANSFORMERS,TRANSFORMERS
"S S I TECHNOLOGIES, INC.","2643 WEST COURT STREET, JANESVILLE, WI, 53548",2.876,-86.691,MAGNETIC SENSORS FOR THE AUTOMOTIVE,MAGNETS
"S S I TECHNOLOGIES, INC.","2643 WEST COURT STREET, JANESVILLE, WI, 53548",2.876,-86.691,CONSTRUCTION,CONSTRUCTION
"WABASH TRANSFORMERS, INC.","101 INDUSTRIAL PARK DRIVE, CLARENCE, IA, 52216",1.992,-88.039,ELECTROMAGNETIC,MAGNETS
"WABASH TRANSFORMERS, INC.","101 INDUSTRIAL PARK DRIVE, CLARENCE, IA, 52216",1.992,-88.039,CLASS-2 TRANSFORMERS,TRANSFORMERS
"BADGER TRANSFORMER CO., INC.","7939 WEST TOWER AVENUE, MILWAUKEE, WI, 53223",3.422,-86.013,POWER TRANSFORMERS,TRANSFORMERS
"BADGER TRANSFORMER CO., INC.","7939 WEST TOWER AVENUE, MILWAUKEE, WI, 53223",3.422,-86.013,HIGH-FREQUENCY MAGNETS,MAGNETS
"PRECISION ELECTRONICS, INC.","1 DI TOMAS COURT, COPIAGUE, NY, 11726",2.641,-75.597,INDUSTRIAL TRANSFORMERS,TRANSFORMERS
"PRECISION ELECTRONICS, INC.","1 DI TOMAS COURT, COPIAGUE, NY, 11726",2.641,-75.597,MAGNETICS,MAGNETS
"KEYTRONICS, INC.","707 NORTH STREET, ENDICOTT, NY, 13760",3.597,-77.701,MAGNETIC AMPLIFIERS,MAGNETS
"CURRENT APPLICATIONS, INC.","800 STARBUCK AVENUE, WATERTOWN, NY, 13601",5.447,-77.978,PERMANENT MAGNET,MAGNETS
"CURRENT APPLICATIONS, INC.","800 STARBUCK AVENUE, WATERTOWN, NY, 13601",5.447,-77.978,GEAR MOTORS,MOTORS
"CURRENT APPLICATIONS, INC.","800 STARBUCK AVENUE, WATERTOWN, NY, 13601",5.447,-77.978,MOTOR PART SETS,MOTORS
"SENSATA TECHNOLOGIES, POWER CONTROLS DIV","807 WOODS ROAD, CAMBRIDGE, MD, 21613",0.165,-76.965,MAGNETIC CIRCUIT BREAKERS125,BREAKERS
"ELEKTRISOLA, INC.","126 HIGH STREET, BOSCAWEN, NH, 03303",5.459,-75.044,COPPER MAGNET WIRE,MAGNETS
SUB-TRONICS,"30570 FOREST BOULEVARD, STACY, MN, 55079",5.446,-89.507,ELECTROMAGNETIC TRANSFORMERS,MAGNETS
SUB-TRONICS,"30570 FOREST BOULEVARD, STACY, MN, 55079",5.446,-89.507,TELECOMMUNICATIONS INDUSTRIES,COMMUNICATIONS
"TENGAM ENGINEERING, INC.","545 WASHINGTON STREET, OTSEGO, MI, 49078",2.869,-84.361,MEDICAL MAGNETS,MAGNETS
"SUPERIOR ESSEX, INC.","800 WEST MITCHELL STREET, KENDALLVILLE, IN, 46755",1.896,-83.945,MAGNET WIRE,MAGNETS
"REA MAGNET WIRE CO., INC.","3600 EAST PONTIAC STREET, FORT WAYNE, IN, 46803",1.531,-83.771,MAGNET,MAGNETS
"PURITAN MAGNETICS, INC.","465 GLASPIE STREET, OXFORD, MI, 48371",3.442,-82.721,ELECTRO MAGNETS,MAGNETS
"CRYOMAGNETICS, INC.","1006 ALVIN WEINBERG DRIVE, OAK RIDGE, TN, 37830",-3.443,-82.506,SUPERCONDUCTING MAGNETS,MAGNETS
"PERMANENT MAGNET CO., INC.","4437 BRAGDON STREET, INDIANAPOLIS, IN, 46226",0.234,-84.299,PERMANENT MAGNETS,MAGNETS
"MAGNETIC INSTRUMENTATION, INC.","8431 CASTLEWOOD DRIVE, INDIANAPOLIS, IN, 46250",0.304,-84.318,MAGNETIZERS,MAGNETS
ARNOLD MAGNETIC TECHNOLOGIES,"300 NORTH WEST STREET, MARENGO, IL, 60152",2.473,-86.356,MAGNETIC MATERIALS,MAGNETS
ARNOLD MAGNETIC TECHNOLOGIES,"300 NORTH WEST STREET, MARENGO, IL, 60152",2.473,-86.356,PRECISION MAGNETIC ASSEMBLIES,MAGNETS
ADAMS MAGNETIC PRODUCTS,"888 LARCH AVENUE, ELMHURST, IL, 60126",2.187,-85.86,MAGNETS,MAGNETS
ADAMS MAGNETIC PRODUCTS,"888 LARCH AVENUE, ELMHURST, IL, 60126",2.187,-85.86,MAGNETIC DEVICES,MAGNETS
"MAGNET STREET, INC.","280 GERZEVSKE LANE, CAROL STREAM, IL, 60188",2.159,-85.975,PROMOTION REFRIGERATOR MAGNETS,MAGNETS
MAGNETSTREET,"285 WEST LOOP ROAD, WHEATON, IL, 60187",2.08,-85.967,MAGNETS,MAGNETS
"MAGNETICS INTERNATIONAL, INC.","1111 NORTH STATE ROAD 149, BURNS HARBOR, IN, 46304",1.908,-85.256,POWDERED MAGNETIC MATERIALS,MAGNETS
"AD-VANCE MAGNETICS, INC.","625 MONROE STREET, ROCHESTER, IN, 46975",1.447,-84.562,MAGNETIC SHIELDS,MAGNETS
"MASTER MAGNETICS, INC.","607 SOUTH GILBERT STREET, CASTLE ROCK, CO, 80104",-0.317,-97.862,MAGNETIC DEVICES,MAGNETS
"MIDWEST INDUSTRIES, INC.","614 WEST CARL HUBBELL BOULEVARD, MEEKER, OK, 74855",-4.493,-92.197,MAGNETS,MAGNETS
"MAGNETIC POETRY, INC. (H Q)","615 1ST AVENUE NE, MINNEAPOLIS, MN, 55413",5.038,-89.672,MAGNETIC VINYL WORD,MAGNETS
"HAMILTON FORM CO., LLC","7009 MIDWAY ROAD, RICHLAND HILLS, TX, 76118",-7.193,-92.51,MAGNETIC FORMS,MAGNETS
"IDEAMAN, INC.","7 CEDAR COURT, UNION, MO, 63084",-1.445,-87.82,SOUVENIR MAGNETS,MAGNETS
ARCHER PRODUCTS,"9400 WATSON ROAD, SAINT LOUIS, MO, 63126",-1.319,-87.351,CALENDAR MAGNETS,MAGNETS
ARCHER PRODUCTS,"9400 WATSON ROAD, SAINT LOUIS, MO, 63126",-1.319,-87.351,MAGNETIC CAR SIGNS,MAGNETS
"MAGNET, LLC","7 CHAMBER DRIVE, WASHINGTON, MO, 63090",-1.373,-87.823,FLEXIBLE MAGNETS,MAGNETS
QUADRANT TECHNOLOGY L.P.,"1247 REAMWOOD AVENUE, SUNNYVALE, CA, 94089",0.164,-110.061,MAGNETS,MAGNETS
"MAGNETIC COMPONENT ENGINEERING, INC.","2830 LOMITA BOULEVARD, TORRANCE, CA, 90505",-3.764,-108.473,PERMANENT MAGNETS,MAGNETS
"RAINBOW MAGNETICS, INC.","3221 WEST MACARTHUR BOULEVARD, SANTA ANA, CA, 92704",-3.946,-108.197,MAGNETS,MAGNETS
MAGNET SALES & MFG.,"11248 PLAYA COURT, CULVER CITY, CA, 90230",-3.591,-108.465,MAGNETS,MAGNETS
SC ENTERPRISES,"12035 SLAUSON AVENUE, SANTA FE SPRINGS, CA, 90670",-3.68,-108.237,PROMOTIONAL REFRIGERATOR MAGNETS,MAGNETS
MORRIS MAGNETS,"14804 NE 31ST CIRCLE, REDMOND, WA, 98052",9.425,-107.767,REFRIGERATOR MAGNETS,MAGNETS
"TRUCOLOR MFG., INC.","5774 LAMAR STREET, ARVADA, CO, 80002",0.127,-97.974,MAGNETS,MAGNETS
"MASTER MAGNETICS, INC.","607 SOUTH GILBERT STREET, CASTLE ROCK, CO, 80104",-0.317,-97.862,MAGNETS,MAGNETS
SE TOOLS,"415 HOWARD STREET, LAPEER, MI, 48446",3.666,-82.789,INCLUDING MAGNETIC PICK UP TOOLS,MAGNETS
"MAGNI-POWER CO., MAGNETICS DIV.","5511 EAST LINCOLN WAY, WOOSTER, OH, 44691",1.581,-81.47,MAGNETIC HANDTOOLS,MAGNETS
"ENGINEERED PRODUCTS COMPANY, THE","601 KELSO STREET, FLINT, MI, 48506",3.606,-83.017,MAGNETIC CATCHES,MAGNETS
"YOUNG & FRANKLIN, INC.","942 OLD LIVERPOOL ROAD, LIVERPOOL, NY, 13088",4.544,-78,ELECTROMAGNETIC VALVES,MAGNETS
RIVERSIDE ENGINEERING,"121 INTERPARK BOULEVARD, SAN ANTONIO, TX, 78216",-10.377,-93.669,MAGNETIC SEPARATORS,MAGNETS
"INDUSTRIAL MAGNETICS, INC.","1240 M-75 SOUTH, BOYNE CITY, MI, 49712",5.667,-84.181,MAGNETS FOR HOLDING,MAGNETS
PRECISION FITTINGS,"709 NORTH MAIN STREET, WELLINGTON, OH, 44090",1.921,-81.772,MAGNETIC,MAGNETS
LAMINATION SPECIALTIES CORP.,"235 NORTH ARTESIAN AVENUE, CHICAGO, IL, 60612",2.162,-85.677,MAGNETIC SHEET STEEL,MAGNETS
LAMINATION SPECIALTIES CORP.,"235 NORTH ARTESIAN AVENUE, CHICAGO, IL, 60612",2.162,-85.677,TRANSFORMER,TRANSFORMERS
LAMINATION SPECIALTIES CORP.,"235 NORTH ARTESIAN AVENUE, CHICAGO, IL, 60612",2.162,-85.677,MOTOR LAMINATIONS,MOTORS
"TEMPEL STEEL CO., LIBERTYVILLE DIV.","2200 TEMPEL DRIVE, LIBERTYVILLE, IL, 60048",2.567,-85.937,MAGNETICALLY LAMINATED STEEL PRODUCTS,MAGNETS
LISLE CORP.,"807 EAST MAIN STREET, CLARINDA, IA, 51632",0.743,-90.798,MAGNETIC PLUGS,MAGNETS
MILHOUS CO.,"144 SOUTH MAIN STREET, AMHERST, VA, 24521",-1.225,-78.918,MAGNETS,MAGNETS
"PENN MAG, INC.","719 TARRTOWN ROAD, ADRIAN, PA, 16210",1.907,-79.841,MAGNETITE COAL CLEANING PRODUCTS,MAGNETS
ELECTRON ENERGY CORP.,"924 LINKS AVENUE, LANDISVILLE, PA, 17538",1.576,-77.533,RARE EARTH PERMANENT MAGNETS,MAGNETS
ELECTRON ENERGY CORP.,"924 LINKS AVENUE, LANDISVILLE, PA, 17538",1.576,-77.533,MAGNET ASSEMBLIES,MAGNETS
PREMIUM SHAPES,"3 ESSEX STREET, BELLEVILLE, NJ, 07109",2.624,-76.127,MAGNETS,MAGNETS
AURA BADGE CO.,"264 CLAYTON AVENUE, CLAYTON, NJ, 08312",1.372,-76.538,MAGNETS,MAGNETS
"MAGNETIC INSTRUMENTATION, INC.","8431 CASTLEWOOD DRIVE, INDIANAPOLIS, IN, 46250",0.304,-84.318,DEMAGNETIZERS,MAGNETS
"THOMAS & SKINNER, INC.","525 WESTERN AVENUE, OSGOOD, IN, 47037",-0.411,-83.69,INDUSTRIAL MAGNETS,MAGNETS
SEMICON ASSOCS.,"695 LACO DRIVE, LEXINGTON, KY, 40510",-1.403,-83.013,RARE EARTH MAGNETS,MAGNETS
HITACHI METALS NORTH CAROLINA LTD.,"1 HITACHI METALS DRIVE, CHINA GROVE, NC, 28023",-3.404,-79.666,CERAMIC MAGNETS,MAGNETS
"MANOCHEMONICS HOLDINGS, LLC","1 MAGNOX DRIVE, PULASKI, VA, 24301",-1.986,-80.093,MAGNETIC IRON OXIDE PRODUCTS,MAGNETS
MAGNETS U. S. A.,"817 CONNECTICUT AVENUE NE, ROANOKE, VA, 24012",-1.64,-79.501,MAGNETS,MAGNETS
MAGNUM MAGNETICS CORP.,"801 MASONIC PARK ROAD, MARIETTA, OH, 45750",0.317,-80.996,FLEXIBLE MAGNETIC MATERIALS,MAGNETS
"MAGNA CARD, INC.","35 NEW PLANT COURT, OWINGS MILLS, MD, 21117",0.88,-77.653,MAGNETS,MAGNETS
"JANCY ENGINEERING, INC.","2735 HICKORY GROVE ROAD, DAVENPORT, IA, 52804",1.668,-87.702,PORTABLE MAGNETIC DRILLING MACHINES,MAGNETS
"AMERICAN CYLINDER CO., INC.","481 SOUTH GOVERNORS HIGHWAY, PEOTONE, IL, 60468",1.596,-85.697,MAGNETIC FIELD,MAGNETS
FLEXBAR MACHINE CORP.,"250 GIBBS ROAD, ISLANDIA, NY, 11749",2.791,-75.472,MAGNETIC SAFETY SHIELDS,MAGNETS
"AUTOTRONICS, INC.","2700 DAVIS BOULEVARD, JOPLIN, MO, 64804",-2.939,-90.343,ELECTROMAGNETIC BRAKES,MAGNETS
LINNIG CORP.,"5131 SOUTH ROYAL ATLANTA DRIVE, TUCKER, GA, 30084",-5.54,-82.18,ELECTROMAGNETIC FANS,MAGNETS
"SEPAC, INC.","2000 LAKE ROAD, ELMIRA, NY, 14903",3.511,-78.216,ELECTROMAGNETIC BRAKES,MAGNETS
"STOLAR HORIZON, INC.","848 CLAYTON ROAD, RATON, NM, 87740",-2.781,-97.799,ELECTROMAGNETIC WAVE DETECTION,MAGNETS
"DOUGLAS MFG. CO., INC.","300 INDUSTRIAL PARK DRIVE, PELL CITY, AL, 35125",-6,-83.788,MAGNETIC SEPARATORS,MAGNETS
"BUCCICONI ENGINEERING CO., INC.","899 GRANT STREET, GARY, IN, 46404",1.892,-85.418,MAGNETIC CONVEYORS,MAGNETS
"MAGNETIC PRODUCTS, INC.","683 TOWN CENTER DRIVE, HIGHLAND, MI, 48356",3.236,-82.942,MAGNETIC CONVEYOR SYSTEMS,MAGNETS
"MAGNETOOL, INC.","505 ELMWOOD DRIVE, TROY, MI, 48083",3.178,-82.603,MAGNETIC MATERIAL HANDLING EQUIPMENT,MAGNETS
ERIEZ MAGNETICS,"2200 ASBURY ROAD, ERIE, PA, 16506",3.03,-80.506,MAGNETIC EQUIPMENT,MAGNETS
"MAGNETIC TOOL ORGANIZERS, INC.","1540 SELENE DRIVE, CARROLLTON, TX, 75006",-7.051,-92.266,MAGNETIC HAND TOOL ORGANIZERS,MAGNETS
BURGESS-NORTON MFG. CO.,"737 PEYTON STREET, GENEVA, IL, 60134",2.129,-86.114,SOFT MAGNETIC COMPOSITES,MAGNETS
DYMET CORP.,"1901 PECK STREET, MUSKEGON, MI, 49441",3.592,-84.81,SOFT MAGNETIC PARTS,MAGNETS
TDK RF SOLUTIONS,"1101 CYPRESS CREEK ROAD, CEDAR PARK, TX, 78613",-9.475,-93.075,ELECTROMAGNETIC COMPATIBILITY AUTOMATION SYSTEMS,MAGNETS
"CHIP SYSTEMS INTERNATIONAL, INC.","10953 NORSCOTT STREET, SCOTTS, MI, 49088",2.635,-84.127,INCLUDING MAGNETIC SEPARATORS,MAGNETS
"BARNES INTERNATIONAL, INC.","814 CHESTNUT STREET, ROCKFORD, IL, 61102",2.466,-86.694,MAGNETIC COOLANT,MAGNETS
MID-STATES CORPORATION,"3245 HOLEMAN AVENUE, SOUTH CHICAGO HEIGHTS, IL, 60411",1.76,-85.597,MAGNETIC,MAGNETS
"STAR ENGINEERING & MACHINE CO., INC.","1717 LANCASTER STREET, BLUFFTON, IN, 46714",1.205,-83.808,MAGNET WIRE SHEAVES,MAGNETS
"HEAT TREATING, INC.","1807 WEST PLEASANT STREET, SPRINGFIELD, OH, 45506",0.509,-82.742,MAGNETIC PARTICLE INSPECTION,MAGNETS
"ESSEX GROUP, INC.","120 SOUTHEAST PARKWAY, FRANKLIN, TN, 37064",-3.767,-84.505,MAGNET WIRE,MAGNETS
RIMTEC CORP.,"211 SOUTH LOMBARD ROAD, ADDISON, IL, 60101",2.178,-85.915,MAGNETIC CLUTCHES,MAGNETS
"PRESSURE PRODUCTS INDUSTRIES, INC.","900 LOUIS DRIVE, WARMINSTER, PA, 18974",1.91,-76.636,MAGNETIC MIXERS,MAGNETS
"TRI-COMP, INC.","230 WEST PARKWAY, POMPTON PLAINS, NJ, 07444",2.777,-76.278,MAGNETIC GASKETS,MAGNETS
"BOEHM, INC.","2050 HARDY PARKWAY STREET, GROVE CITY, OH, 43123",0.584,-82.167,MAGNETS,MAGNETS
"INGERSOLL-RAND CO., VONDUPRIN DIV.","2720 TOBEY DRIVE, INDIANAPOLIS, IN, 46219",0.205,-84.288,INCLUDING ELECTROMAGNETIC LOCKS,MAGNETS
TOPS PEN CO.,"5895 POWER INN ROAD, SACRAMENTO, CA, 95824",1.046,-109.397,MAGNETS,MAGNETS
KILLION CORP.,"1755 MIDWEST BOULEVARD, INDIANAPOLIS, IN, 46214",0.165,-84.488,MAGNETS,MAGNETS
AKO SIGNS,"1625 OCONEE STREET, ATHENS, GA, 30605",-5.357,-81.549,MAGNETICS,MAGNETS
SEAWAY BOLT & SPECIALS CORP.,"11561 STATION ROAD, COLUMBIA STATION, OH, 44028",2.102,-81.603,MAGNETIC,MAGNETS
"MONOGRAM INTERNATIONAL, INC. (H Q)","3845 GATEWAY CENTRE BOULEVARD, PINELLAS PARK, FL, 33782",-11.271,-80.041,MAGNETS,MAGNETS
ISOMAG CORP.,"11871 DUNLAY LANE, BATON ROUGE, LA, 70809",-9.54,-87.408,MECHANICAL MAGNETIC SEALS,MAGNETS
"ROBCO SALES, INC.","1200 WEST SIERRA LANE, THIENSVILLE, WI, 53092",3.464,-85.957,MAGNETIC COMPONENTS,MAGNETS
"WAVEZERO, INC.","425 LAKESIDE DRIVE, SUNNYVALE, CA, 94085",0.144,-110.071,ELECTROMAGNETIC SHIELDING,MAGNETS
PINNACLE DESIGNS,"615 8TH STREET, SAN FERNANDO, CA, 91340",-3.315,-108.41,MAGNETS,MAGNETS
"U. S. SHELL, INC.","36451 HIGHWAY 100, LOS FRESNOS, TX, 78566",-13.894,-92.909,MAGNETS,MAGNETS
SABONA OF LONDON UNLIMITED,"609 DAVIS BOULEVARD, SIKESTON, MO, 63801",-2.961,-86.659,MAGNETIC BRACELETS,MAGNETS
"UNIVERSAL DESIGNS, INC.","855 WEST NEW YORK AVENUE, DELAND, FL, 32720",-9.915,-79.098,MAGNETS,MAGNETS
"WBT INDUSTRIES, INC.","831 MONTEREY PASS ROAD, MONTEREY PARK, CA, 91754",-3.582,-108.284,MAGNETS,MAGNETS
DYNETICS ENGINEERING CORP.,"515 BOND STREET, LINCOLNSHIRE, IL, 60069",2.448,-85.885,MAGNETIC STRIP ANALYZERS,MAGNETS
"PERMADUR INDUSTRIES, INC.","186 US HIGHWAY 206 SOUTH, HILLSBOROUGH, NJ, 08844",2.294,-76.393,LIFTING MAGNETS,MAGNETS
"SECURITY ENGINEERED MACHINERY CO., INC.","5 WALKUP DRIVE, WESTBOROUGH, MA, 01581",4.465,-74.742,MAGNETIC MEDIA DEGAUSSER/ERASERS,MAGNETS
"T.D. WRIGHT CO., INC.","292 WALNUT STREET, SAINT PAUL, MN, 55102",4.993,-89.571,MAGNETIC PRINTING CYLINDERS,MAGNETS
"PDC MACHINES, INC.","1875 STOUT DRIVE, WARMINSTER, PA, 18974",1.931,-76.636,MAGNETIC DRIVES,MAGNETS
"TRANSPOWER TECHNOLOGIES, INC.","980 SANDHILL ROAD, RENO, NV, 89521",1.586,-108.087,MAGNETIC COMPONENTS,MAGNETS
APPLE DIE SOUTH,"6545 44TH STREET NORTH, PINELLAS PARK, FL, 33781",-11.293,-80.042,MAGNETIC FLEXIBLE DIES,MAGNETS
"KEB AMERICA, INC.","5100 VALLEY INDUSTRIAL BOULEVARD SOUTH, SHAKOPEE, MN, 55379",4.834,-89.802,GEAR MOTORS,MOTORS
"KEB AMERICA, INC.","5100 VALLEY INDUSTRIAL BOULEVARD SOUTH, SHAKOPEE, MN, 55379",4.834,-89.802,ELECTROMAGNETIC CLUTCHES,MAGNETS
"THREE BY THREE, SEATTLE","1518 NW 52ND STREET, SEATTLE, WA, 98107",9.483,-107.899,MAGNETS,MAGNETS
"THREE BY THREE, SEATTLE","1518 NW 52ND STREET, SEATTLE, WA, 98107",9.483,-107.899,MAGNETIC PRODUCTS,MAGNETS
"ELANTAS PDG, INC.","5200 NORTH 2ND STREET, SAINT LOUIS, MO, 63147",-1.189,-87.232,MAGNET WIRE ENAMEL,MAGNETS
COLOR VISION PRINTING,"WEST 501 WI 29, EDGAR, WI, 54426",5.101,-87.499,INCLUDING MAGNETIC MEMO BOARDS,MAGNETS
COLOR VISION PRINTING,"WEST 501 WI 29, EDGAR, WI, 54426",5.101,-87.499,PROMOTIONAL MAGNETS,MAGNETS
"PHOTO CARD SPECIALISTS, INC.","2425 SEYMOUR ROAD, EAU CLAIRE, WI, 54703",4.924,-88.476,MAGNET,MAGNETS
"INERTIA DYNAMICS, INC.","31 INDUSTRIAL PARK ROAD, NEW HARTFORD, CT, 06057",3.86,-75.579,ELECTROMAGNETIC BRAKES,MAGNETS
CUSTOM PRODUCTS CORP.,"457 STATE STREET, NORTH HAVEN, CT, 06473",3.376,-75.403,ELECTROMAGNETIC CLUTCHES,MAGNETS
FED-CAL,"1570 NW 165TH STREET, MIAMI, FL, 33169",-12.748,-77.558,MAGNETIC SIGNS,MAGNETS
"H T H, INC.","711 JACKSON AVENUE, WINTER PARK, FL, 32789",-10.349,-79.06,MAGNETIC SIGNS,MAGNETS
"VILLAGE LIGHTHOUSE, INC.","6165 SANTA MONICA BOULEVARD, LOS ANGELES, CA, 90038",-3.514,-108.393,MAGNETS,MAGNETS
"STOUSE, INC.","300 NEW CENTURY PARKWAY, NEW CENTURY, KS, 66031",-1.17,-90.683,MAGNETS,MAGNETS
"POTTER MFG. CO., INC.","1010 ARROWSMITH STREET, EUGENE, OR, 97402",6.315,-109.193,MAGNETS,MAGNETS
COLORTONE DECAL CO.,"3750 NOAKES STREET, LOS ANGELES, CA, 90023",-3.609,-108.321,MAGNETS,MAGNETS
DIMENSIONAL GRAPHICS CORP.,"325 NORTH JACKSON AVENUE, MASON CITY, IA, 50401",3.197,-89.582,MAGNETS,MAGNETS
HANS MFG. CORP.,"5 TERRITORIAL COURT, BOLINGBROOK, IL, 60440",1.926,-85.946,MAGNETIC CLIPS,MAGNETS
ADVANCE DIGITAL & SCREEN PRINTING,"850 SCIENCE BOULEVARD, COLUMBUS, OH, 43230",0.682,-82.042,TRUCK LETTERING MAGNETS,MAGNETS
KRAFTWORK CUSTOM DESIGN,"182 HOMECREST AVENUE, TRENTON, NJ, 08638",1.993,-76.43,MAGNETIC,MAGNETS
NICOLLET TECHNOLOGIES CORP.,"711 15TH AVENUE NE, MINNEAPOLIS, MN, 55413",5.051,-89.672,MAGNETIC COMPONENTS,MAGNETS
"NOVA MAGNETICS, INC.","1101 EAST WALNUT STREET, GARLAND, TX, 75040",-7.084,-92.018,TRANSFORMERS,TRANSFORMERS
"NOVA MAGNETICS, INC.","1101 EAST WALNUT STREET, GARLAND, TX, 75040",-7.084,-92.018,MAGNETIC COMPONENTS,MAGNETS
"HOUSTON TRANSFORMER CO., LTD.","5725 BRAXTON DRIVE, HOUSTON, TX, 77036",-10.29,-91.147,TRANSFORMERS,TRANSFORMERS
"HOUSTON TRANSFORMER CO., LTD.","5725 BRAXTON DRIVE, HOUSTON, TX, 77036",-10.29,-91.147,RELATED MAGNETIC DEVICES,MAGNETS
JACKSON TRANSFORMER CO.,"4709 WEST CAYUGA STREET, TAMPA, FL, 33614",-11.115,-79.924,TRANSFORMERS,TRANSFORMERS
ASSOCIATED COMPONENTS TECHNOLOGY,"13932 NAUTILUS DRIVE, GARDEN GROVE, CA, 92843",-3.892,-108.186,MAGNETIC PRODUCTS,MAGNETS
"INDUCTOR SUPPLY, INC.","5362 OCEANUS DRIVE, HUNTINGTON BEACH, CA, 92649",-3.885,-108.275,ELECTRONIC MAGNETIC INDUCTORS,ELECTRONICS
"CORONA MAGNETICS, INC.","201 CORPORATE TERRACE, CORONA, CA, 92879",-3.859,-107.884,ELECTROMAGNETIC COMPONENTS,MAGNETS
ELECTRONETICS,"1320 75TH STREET SW, EVERETT, WA, 98203",9.707,-107.769,INDUSTRIAL MAGNETIC COMPONENTS,MAGNETS
"POWER CONVERSION, INC.","19501 144TH AVENUE NE, WOODINVILLE, WA, 98072",9.546,-107.743,MAGNETIC COMPONENTS,MAGNETS
"HIREL SYSTEMS, LLC","604 WEST ERIE ROAD, MARSHALL, MN, 56258",4.48,-91.364,ELECTRICAL TRANSFORMERS,TRANSFORMERS
"HIREL SYSTEMS, LLC","604 WEST ERIE ROAD, MARSHALL, MN, 56258",4.48,-91.364,MAGNETIC COMPOUNDS,MAGNETS
NICOLLET TECHNOLOGIES CORP.,"711 15TH AVENUE NE, MINNEAPOLIS, MN, 55413",5.051,-89.672,ELECTRICAL TRANSFORMERS,TRANSFORMERS
"SPECTRA-MAT, INC.","100 WESTGATE DRIVE, WATSONVILLE, CA, 95076",-0.303,-110.055,THERMAL MAGNETIC MATERIAL,MAGNETS
SANTRONICS,"1240 BIRCHWOOD DRIVE, SUNNYVALE, CA, 94089",0.164,-110.064,CUSTOM ELECTRONIC MAGNETIC COMPONENTS,ELECTRONICS
SANTRONICS,"1240 BIRCHWOOD DRIVE, SUNNYVALE, CA, 94089",0.164,-110.064,INCLUDING TRANSFORMERS,TRANSFORMERS
SANTRONICS,"1240 BIRCHWOOD DRIVE, SUNNYVALE, CA, 94089",0.164,-110.064,POWER CONVERSION,CONVERSION
"VANGUARD ELECTRONICS CO., INC.","7412 PRINCE DRIVE, HUNTINGTON BEACH, CA, 92647",-3.914,-108.255,ELECTROMAGNETIC INDUCTORS,MAGNETS
"VANGUARD ELECTRONICS CO., INC.","7412 PRINCE DRIVE, HUNTINGTON BEACH, CA, 92647",-3.914,-108.255,TRANSFORMERS,TRANSFORMERS
ENECON CORP.,"700 HICKSVILLE ROAD, BETHPAGE, NY, 11714",2.683,-75.671,MAGNETIC COMPONENTS,MAGNETS
"OXFORD INSTRUMENTS AMERICA, INC.","300 BAKER AVENUE, CONCORD, MA, 01742",4.677,-74.668,BENCHTOP NUCLEAR MAGNETIC RESONANCE ANALYZERS FOR FOOD,MAGNETS
"PERFORMANCE CONTROLS, INC.","151 DOMORAH DRIVE, MONTGOMERYVILLE, PA, 18936",1.903,-76.738,BRIDGES FOR MAGNETIC RESONANCE IMAGING,MAGNETS
KELYTECH CORP.,"1482 GLADDING COURT, MILPITAS, CA, 95035",0.149,-109.993,MAGNETIC PRODUCTS,MAGNETS
"STEREOTAXIS, INC.","4320 FOREST PARK AVENUE, SAINT LOUIS, MO, 63108",-1.235,-87.265,MAGNETIC THERAPEUTIC MEDICAL EQUIPMENT,MAGNETS
GE HEALTHCARE COILS,"1515 DANNER DRIVE, AURORA, OH, 44202",2.112,-81.168,MAGNETIC RESONANCE IMAGING,MAGNETS
"AVOTEC, INC.","603 NW BUCK HENDRY WAY, STUART, FL, 34994",-11.495,-77.858,MAGNETIC RESONANCE IMAGING ACCESSORIES,MAGNETS
"CHARLESTON ENTERPRISES, INC.","510 WEST ASHLEY AVENUE, FOLLY BEACH, SC, 29439",-6.171,-78.67,THERAPEUTIC MAGNET KITS,MAGNETS
